hru_nhm,majority,minority,frac_1,frac_5,frac_6,frac_8,frac_10,frac_11,frac_12,frac_14,frac_15,frac_16,frac_17,frac_18,frac_19
113602,15,6,0.00194123305846006,0.000491316197440028,0.000147860540891998,0.0610060766339302,0.249610111117363,0,0,0,0.635480105876923,0.00249088043347001,0.0191141795367002,0.0297182686626911,0
113598,15,16,0,0,0,0.0349589847028255,0.199599951505661,0,0,0,0.710590243339539,0.0005220792372711,0.0105961738154292,0.0437325425446033,0
113588,10,5,0,0.003816720796749,0,0.0746970698237419,0.561065495014191,0,0,0,0.323658853769302,0.00664524920284748,0.0121462112292647,0.0179703459143639,0
113584,15,1,0.000228701348532923,0,0,0.0609918124973774,0.330530375242233,0,0,0.000449603627203032,0.538657665252686,0.0178256966173649,0.00919717736542225,0.042118925601244,0
113577,10,18,0,0.00738810747861862,0,0.134464830160141,0.564548015594482,0,0,0,0.270059794187546,0.003819142235443,0.0163351185619831,0.00338501646183431,0
113579,15,1,0.000433239969424903,0.00200933706946671,0,0.0884532332420349,0.236161410808563,0,0,0.00298039219342172,0.629296064376831,0.00457166414707899,0.0133967725560069,0.0226978864520788,0
113585,15,6,0.000177450914634392,0.00240611797198653,9.38054927246412e-06,0.228385895490646,0.1286541223526,0,0,0.00036315803299658,0.591742634773254,0.00181922863703221,0.0244478136301041,0.0219941828399897,0
113553,15,1,0.000520129746291786,0.00340930442325771,0,0.173227310180664,0.311770617961884,0,0,0.00507126469165087,0.43786758184433,0.0040600192733109,0.0317640043795109,0.0323097407817841,0
113552,15,1,2.61158729699673e-05,0.00016349513316527,0,0.0250489413738251,0.128946110606194,0,0,0.000139284660690464,0.644329965114594,0.000763767573516816,0.0223391056060791,0.17824324965477,0
113545,15,6,0.000116273055027705,0.008509187027812,2.37933836615412e-05,0.157820224761963,0.229467079043388,0,0,0.000310061499476433,0.526197671890259,0.00640626763924956,0.0277100708335638,0.0434393472969532,0
113550,15,14,0.000235070037888363,0.0073852869682014,0.000484244286781177,0.227746784687042,0.127718791365623,0,0,6.58196149743162e-05,0.594638884067535,0.000187325218576007,0.0190736651420593,0.022464107722044,0
113530,15,1,0.000864701520185918,0.0104079712182283,0,0.115701168775558,0.226611360907555,0,0,0.00177451793570071,0.58130806684494,0.00159135181456804,0.0275034327059984,0.034237451851368,0
113532,15,1,7.16066870154464e-06,0.0020888214930892,0,0.0507082678377628,0.0727689042687416,0,0,0,0.808362782001495,0.00252368743531406,0.0255303420126438,0.0380101054906845,0
113525,10,14,0.00125002302229404,0.00335146021097898,0,0.222999855875969,0.380644679069519,0,0,0.000146487072925083,0.335749685764313,0.000869091309141368,0.0189250651746988,0.0360636338591576,0
113527,15,6,0.000243233298533596,0.000993651570752263,7.96976091805845e-05,0.201755672693253,0.214675396680832,0,0,0.00383056746795774,0.513679385185242,0.00023296223662328,0.0225700922310352,0.0419392697513103,0
113515,10,16,0.00881836656481028,0.0146039081737399,0.00269809807650745,0.275161325931549,0.603182435035706,0,0,0.0418998785316944,0.0426208935678005,0.000679552205838263,0.00278802821412683,0.00754748983308673,0
113518,10,16,0.0466604121029377,0.124263487756252,0.0144467512145638,0.222921773791313,0.453572124242783,0,0,0.00571725843474269,0.100114390254021,0.000102574012998957,0.0127732641994953,0.0194279942661524,0
113513,10,18,0.0561133213341236,0.318823546171188,0.0506969317793846,0.045880563557148,0.447300374507904,0,0,0.0402346402406693,0.0120370639488101,0,0.0192364547401667,0.0096770916134119,0
113510,5,15,0.0601021274924278,0.390320330858231,0.0657307431101799,0.0657439157366753,0.272067755460739,0,0,0.0221837740391493,0.0175011325627565,0,0.0191958267241716,0.0871544256806374,0
113500,5,8,0.0242235045880079,0.287676930427551,0.0921570509672165,0.00381649355404079,0.138850018382072,0,0,0.15284226834774,0.00546269211918116,0,0.0736469477415085,0.221324101090431,0
113497,10,15,0.223268106579781,0.115992814302444,0.0331557095050812,0.0934325233101845,0.318347215652466,0,0,0.00489719584584236,7.2762748459354e-05,0.110770754516125,0.0225417856127024,0.0775211527943611,0
113506,1,15,0.523337304592133,0.0744759142398834,0.0365131907165051,0.191231995820999,0.0240725129842758,0,0,0.00647983280941844,0.000202565817744471,0.134500458836555,0.00312637467868626,0.00537866493687034,0.000681192672345787
113547,15,16,0,0,0,0.0420453771948814,0.0956565141677856,0,0,0,0.818493902683258,0.000838664593175054,0.0412317365407944,0.00173384149093181,0
113543,15,6,0,0.0262394603341818,4.619597166311e-05,0.123597227036953,0.254370152950287,0,0,0.000110221342765726,0.500755131244659,0.00123818474821746,0.0895378962159157,0.00410556001588702,0
113490,1,15,0.356840908527374,0.00754341064020991,0.0220948588103056,0.202409401535988,0.160686880350113,0,0,0.00210562138818204,0.000357781129423529,0.180659085512161,0.00384384510107338,0.05319694429636,0.0102613037452102
113503,1,6,0.859883785247803,0.0825496837496758,0.000241606874624267,0.0100541152060032,0.0421473532915115,0,0,0,0,0,0.00366660626605153,0.00145684729795903,0
113538,8,14,0.0666724443435669,0.154812842607498,0.00949512142688036,0.323224186897278,0.278589427471161,0,0,0.000963150057941675,0.135851174592972,0.0011197755811736,0.014348023571074,0.0149237932637334,0
113501,1,15,0.480796545743942,0.0672813132405281,0.0290152784436941,0.168279230594635,0.0215535201132298,0,0,0.00080211745807901,7.38792368792929e-05,0.149223357439041,0,0.0826370790600777,0.000337733654305339
113540,15,17,0,0.0401836633682251,0,0.190440028905869,0.207212463021278,0,0,0,0.560401856899261,0,0.00176200072746724,0,0
113512,1,15,0.417709052562714,0.124762773513794,0.0719259530305862,0.158837109804153,0.029492799192667,0,0,0.00104590284172446,8.48029376356862e-05,0.188856467604637,0.00238352688029408,0.00490160938352346,0
113597,15,16,0,0.00416933046653867,0,0.044015608727932,0.103599324822426,0,0,0,0.813222467899323,0.000516859174240381,0.0150176351889968,0.0194587931036949,0
113571,15,5,0,0.000733816705178469,0,0.0112582566216588,0.0384350307285786,0,0,0,0.900670289993286,0.00140211405232549,0.0454431138932705,0.00205730763264,0
113589,15,16,0,0.000850039185024798,0,0.0502822436392307,0.121338754892349,0,0,0.00126588146667928,0.804103016853333,0.000167702237376943,0.0162693057209253,0.00572316255420446,0
113496,8,14,0.159668564796448,0.031416367739439,0,0.498803496360779,0.0403460897505283,0,0,0.00601252540946007,0,0.126142457127571,0,0.137610495090485,0
113498,1,15,0.398476481437683,0.0117911417037249,0.0120415603742003,0.289447098970413,0.01254125777632,0,0,0.000416825263528153,0.000366201304132119,0.253131538629532,0,0.0205381792038679,0.00124969659373164
113533,15,5,0.00070323736872524,4.17202591052046e-06,0,0.259670734405518,0.244780734181404,0,0,0,0.461368530988693,0,0.0152657935395837,0.0182068385183811,0
113523,1,18,0.474223136901855,0.200561389327049,0.0597667396068573,0.143853753805161,0.0789938047528267,0,0,0.00264980457723141,0.000398895324906334,0.0333725921809673,0.0057999212294817,0.000379900302505121,0
113494,1,6,0.420566648244858,0.00338045391254127,0.000457572808954865,0.266092836856842,0.00268233101814985,0,0,0.00151051476132125,0,0.237667545676231,0,0.0571708008646965,0.0104712434113026
113582,15,16,0,0.000460316659882665,0,0.0142558943480253,0.0744605511426926,0,0,0,0.88548868894577,4.9062400648836e-05,0.0218561813235283,0.00342928431928158,0
113492,16,14,0.337401419878006,0.00126820988953114,0.0295995566993952,0.282277941703796,0.00546776922419667,0,0,0.000178698552190326,0,0.338862866163254,0,0.00194526393897831,0.00299831666052341
113656,15,6,0.000524521979968995,0.000354823685484007,0.00017675464914646,0.0781273394823074,0.338434189558029,0,0,0.0275315754115582,0.529569506645203,0.00220607756637037,0.0116765834391117,0.0113986451178789,0
113683,15,1,5.79089974053204e-05,0.000758912647143006,0,0.0693116337060928,0.177805036306381,0,0,0.0417860299348831,0.685366630554199,0.000211689563002437,0.0217423886060715,0.00295972474850714,0
113696,15,1,0.000647799228318036,0,0,0.0991481095552444,0.117911644279957,0,0,0.139268279075623,0.5320063829422,0,0.108010716736317,0.00300707598216832,0
113703,15,8,0,0,0,0.00610011396929622,0.133416339755058,0,0,0.280094563961029,0.546338319778442,0,0.0274285320192575,0.00662211375311017,0
113680,15,16,0,0,0,0.130401939153671,0.177341133356094,0,0,0.147304445505142,0.497328966856003,0.00137550628278404,0.0462480410933495,0,0
113736,10,6,0.000404966936912388,9.78029856923968e-05,4.44559045718051e-05,0.0729617923498154,0.533933162689209,0,0,0.0627364739775658,0.308524191379547,0.000755602377466857,0.0192345082759857,0.00130700354930013,0
113707,10,5,0.000304391840472817,2.28293883992592e-05,0,0.40656977891922,0.427079647779465,0,0,0.0266845487058163,0.129882097244263,5.32685735379346e-05,0.00635564513504505,0.00304772332310677,0
113771,10,16,0.00236686156131327,0.0015416854294017,0.000418752431869507,0.0419633500277996,0.444962829351425,0,0,0.0518309436738491,0.423102200031281,0.00015475632972084,0.0302071440964937,0.00345151056535542,0
113790,10,16,0.000532838748767972,0.00196697912178934,0,0.213873744010925,0.434340745210648,0,0,0.0462910458445549,0.287762880325317,0.000145707701449282,0.0098727885633707,0.00521324202418327,0
113813,10,6,0.000947471125982702,0.00171982718165964,6.91584718879312e-05,0.155876770615578,0.40885129570961,0,0,0.124606445431709,0.260558575391769,0.0071164071559906,0.0183949954807758,0.0218591075390577,0
113816,15,8,0,0,0,0.0302988048642874,0.0858086720108986,0,0,0.176934197545052,0.505160331726074,0,0.0492657162249088,0.152532309293747,0
113824,10,18,0.00847297254949808,0,0,0.27391105890274,0.409704715013504,0,0,0.045842956751585,0.230741202831268,0.0110870050266385,0.0191341955214739,0.00110589514952153,0
113866,15,1,0.000102582103863824,0.000471877690870315,0,0.0397638753056526,0.353036761283875,0,0,0.075176827609539,0.48939436674118,0.0016481737839058,0.0254475045949221,0.0149580119177699,0
113874,10,16,0,0,0,0.0649039968848228,0.598457813262939,0,0,0.0489480011165142,0.277386039495468,0.000330737791955471,0.00299142533913255,0.00698201451450586,0
113899,10,18,0,0,0,0.0475909896194935,0.514740347862244,0,0,0.0273837838321924,0.376735270023346,0,0.0241902265697718,0.00935938861221075,0
113897,18,10,0,0,0,0.339261114597321,0.293612420558929,0,0,0,0,0,0,0.367126494646072,0
113934,10,1,3.73732291336637e-05,0,0,0.310497373342514,0.553339779376984,0,0,0.0366919673979282,0.0849741771817207,0.000493326573632658,0.00416343426331878,0.00980257615447044,0
113916,8,14,0,0,0,0.499011367559433,0.442646622657776,0,0,0.00566500471904874,0,0,0.0190139450132847,0.0336630418896675,0
113905,10,17,0,0,0,0.425990223884583,0.536038458347321,0,0,0.012968092225492,0.0102258082479239,0,0.00544006424024701,0.00933739729225636,0
113859,10,16,0,0,0,0.147384986281395,0.548747658729553,0,0,0.0195295531302691,0.232042193412781,0.00370755605399609,0.041403878480196,0.00718417158350348,0
113844,10,1,8.47323753987439e-05,0,0,0.158483907580376,0.489598363637924,0,0,0.0306262671947479,0.300037056207657,0.000258433748967946,0.018337294459343,0.0025739623233676,0
113876,10,16,0,0,0,0.174166262149811,0.5791335105896,0,0,0.128304421901703,0.0839286744594574,0.000103536869573873,0.0169932749122381,0.0173702631145716,0
113938,10,16,9.14347983780317e-05,0,0,0.186991482973099,0.628854691982269,0,0,0.0290371142327785,0.142497688531876,5.02891380165238e-05,0.0117086684331298,0.000768695957958698,0
113879,14,8,0,0,0,0.0380810648202896,0.314853221178055,0,0,0.462326228618622,0,0,0,0.184739485383034,0
113890,10,16,0,0,0,0.147128045558929,0.664059460163116,0,0,0.115627482533455,0.0423210002481937,0.000219585024751723,0.0111534493044019,0.0194909628480673,0
113892,10,1,0.000299683684716001,0,0,0.149244487285614,0.587821125984192,0,0,0.121140286326408,0.122397795319557,0,0.0144681576639414,0.00462844781577587,0
113910,14,16,0,0,0,0.0991641283035278,0.333925604820251,0,0,0.345906615257263,0.201458901166916,0.000456417794339359,0.0141915064305067,0.00489684427157044,0
113924,10,5,0.00015172953135334,5.960803173366e-05,0,0.142349973320961,0.483722776174545,0,0,0.119246281683445,0.238542035222054,0.000576913880649954,0.0100458236411214,0.00530485343188047,0
114002,10,16,0.000207259072340094,0,0,0.200197383761406,0.707170903682709,0,0,0.0223578810691833,0.0603556111454964,0.000119749689474702,0.00271936762146652,0.0068717896938324,0
113952,10,16,0,0,0,0.176127180457115,0.362969160079956,0,0,0.0670272037386894,0.34879606962204,0.00126792560331523,0.034089308232069,0.00972313247621059,0
113928,15,8,0,0,0,5.31685545865912e-05,0.0778282582759857,0,0,0,0.874207079410553,0,0.0477440506219864,0.000167432255693711,0
114007,10,16,0,0,0,0.13635165989399,0.713960409164429,0,0,0.0185466799885035,0.118144065141678,0.000264229660388082,0.0121093550696969,0.000623581989202648,0
113948,10,16,0,0,0,0.157316952943802,0.492712110280991,0,0,0.0146227050572634,0.329144507646561,7.29803432477638e-05,0.00440782820805907,0.00172290380578488,0
113971,10,1,1.65337369253393e-05,0,0,0.118143133819103,0.512261629104614,0,0,0.0243379473686218,0.326482117176056,0.000904814805835485,0.0120224803686142,0.00583128165453672,0
113973,15,14,0,0,0,0.096489816904068,0.307940483093262,0,0,0.00814879406243563,0.549489915370941,0,0.0291554536670446,0.00877562910318375,0
113970,10,17,0,0,0,0.236104875802994,0.34535476565361,0,0,0.0489745587110519,0.301561713218689,0,0.0186945758759975,0.0493095330893993,0
113975,10,18,0,0,0,0.194172367453575,0.346474975347519,0,0,0.10845123976469,0.232466459274292,0,0.0665213391184807,0.0519135929644108,0
114394,15,1,1.99317382794106e-05,0,0,0.248576149344444,0.240282446146011,0,0,0.0107159130275249,0.478658348321915,0.000272405188297853,0.0190103407949209,0.00246445438824594,0
114428,10,6,0.000210486410651356,0.00383699196390808,4.8236470320262e-05,0.428725600242615,0.517524898052216,0,0,0.00743628060445189,0.033573143184185,0.0061252717860043,0.00112026429269463,0.00139885768294334,0
113994,10,16,0,0,0,0.281467527151108,0.342320680618286,0,0,0.0131503120064735,0.326485067605972,0.000892956450115889,0.0122116645798087,0.0234718061983585,0
113993,15,18,0,0,0,0.187560364603996,0.350689500570297,0,0,0.0336658246815205,0.403265088796616,0,0.0138205867260695,0.0109986122697592,0
113989,10,18,0.0058248108252883,0,0,0.228098124265671,0.463905274868011,0,0,0.0314754247665405,0.235154375433922,0,0.0307620745152235,0.0047798827290535,0
114020,10,16,0,0,0,0.166194915771484,0.309277236461639,0,0,0.045504417270422,0.269073873758316,0.000156499416334555,0.188202664256096,0.0215903837233782,0
114385,15,16,0,0,0,0.149633377790451,0.33180758357048,0,0,0.0369288809597492,0.443949282169342,0.000522922491654754,0.0237507782876492,0.0134071707725525,0
113639,15,16,0,0,0,0.0646536722779274,0.199706926941872,0,0,0.00603383686393499,0.701690316200256,6.32112423772924e-05,0.0194165334105492,0.00843551754951477,0
114390,15,16,0,0,0,0.0312438458204269,0.264355540275574,0,0,0.0150286694988608,0.615579962730408,0.00201256782747805,0.0175530947744846,0.0542262941598892,0
113741,15,6,0.00204841629602015,0.000840557040646672,4.23810270149261e-05,0.177604600787163,0.262195318937302,0,0,0.0482751987874508,0.490970134735107,0.000134206595248543,0.0171920247375965,0.000697148556355387,0
114032,15,14,0,0,0,0.0554607100784779,0.365800708532333,0,0,0.0104534588754177,0.514678061008453,0.0231756847351789,0.0191882215440273,0.011243149638176,0
114218,10,1,0.000107119463791605,0.000448029895778745,0.00170319946482778,0.0647027194499969,0.46913155913353,0,0,0.00158256234135479,0.270271092653275,0.179447755217552,0.00712422607466578,0.00548177491873503,0
113832,15,16,0,0,0,0.0507885441184044,0.240673735737801,0,0,0.112533368170261,0.570849657058716,0.000400296528823674,0.0171652417629957,0.00758912321180105,0
113884,10,1,6.32528826827183e-05,0,0,0.12342968583107,0.685505509376526,0,0,0.0357405692338943,0.14491306245327,0,0.00963942613452673,0.000708432286046445,0
113872,10,5,0.000105044484371319,0.000104447812191211,0,0.0734567493200302,0.809130609035492,0,0,0.00883729569613934,0.102039128541946,0.000196801076526754,0.00341654173098505,0.00271336128935218,0
113919,8,18,0.00018498269491829,0,0,0.580042898654938,0.409221291542053,0,0,0.00176024425309151,0.00239057838916779,0,0.00637901714071631,2.10265170608182e-05,0
114222,15,16,0,0.00347858387976885,0.0153041379526258,0.0571682453155518,0.247844949364662,0,0,0,0.577272236347198,7.3599869665486e-07,0.0989311337471008,0,0
114237,10,1,0.000171732914168388,0.0010922213550657,0.000177000358235091,0.036404725164175,0.699497759342194,0,0,0.000872403208632022,0.194780558347702,0.0319229625165462,0.0110138766467571,0.0240667313337326,0
114001,10,16,0,0,0,0.122385829687119,0.726440966129303,0,0,0.00747867533937097,0.136102929711342,0.000311683572363108,0.00555187044665217,0.00172802282031626,0
113966,10,1,0.000235828090808354,0,0,0.239785075187683,0.575176179409027,0,0,0.014806168153882,0.164908021688461,0,0.00372851802967489,0.001360222697258,0
113956,10,16,0.0158268138766289,0,0.00126042775809765,0.288462609052658,0.668764650821686,0,0,0.0102015575394034,0.0106451753526926,7.79646070441231e-05,0.00113546941429377,0.00362535403110087,0
114257,10,1,8.88607100932859e-05,0.00193622813094407,9.82144701993093e-05,0.0511184521019459,0.651053845882416,0,0,0.00134226446971297,0.164109840989113,0.11668623238802,0.00660025421530008,0.00696579646319151,0
114400,10,16,0,0,0,0.158778443932533,0.527597427368164,0,0,0.0523042492568493,0.230510264635086,5.25478681083769e-05,0.00563227524980903,0.0251247324049473,0
114397,15,18,0,0,0,0.189035683870316,0.214557364583015,0,0,0.0300602335482836,0.532122910022736,0.000875247467774898,0.0332244709134102,0.000124051002785563,0
113772,10,1,0.000226458651013672,0,0,0.188510328531265,0.635980129241943,0,0,0.0170485265552998,0.156320080161095,0,0.00154141464736313,0.000372990733012557,0
114267,15,6,0.00121806305833161,0.022347966209054,2.71542721748119e-05,0.0160793978720903,0.257083028554916,0,0,0.000577998056542128,0.615525245666504,0.0159677099436522,0.0300582591444254,0.0411151796579361,0
114282,10,5,0,0.000280427484540269,0,0.00302461092360318,0.616423010826111,0,0,0,0.329305797815323,0.0129751022905111,0.0164916291832924,0.0214994419366121,0
114396,15,1,6.50069559924304e-05,0,0,0.319670051336288,0.328556269407272,0,0,0.0055295042693615,0.333512187004089,0,0.00980667304247618,0.00286030606366694,0
114301,10,5,0.000439908704720438,8.79817453096621e-05,0.00011437626380939,0.00798590015619993,0.733954668045044,0,0,0.00167165312450379,0.171520322561264,0.0305141266435385,0.0112425833940506,0.042468473315239,0
114036,10,17,0,0,0,0.0864671915769577,0.792459547519684,0,0,0.0152117498219013,0.0601101964712143,0.00746478512883186,0.003625453915447,0.0346611328423023,0
114040,10,1,9.76297669694759e-05,0,0,0.0599430277943611,0.746054291725159,0,0,0.005664745811373,0.0098701911047101,0.160636320710182,0.00284535740502179,0.0148884849622846,0
113988,10,1,0.000351489608874545,0,0,0.284771889448166,0.601784348487854,0,0,0.0219897590577602,0.0880202129483223,0,0,0.00308229355141521,0
114076,10,5,0.00544391060248017,5.68071191082709e-05,0,0.045811865478754,0.61973363161087,0,0,0.000323363579809666,0.0372413285076618,0.256532818078995,0.00249423808418214,0.0323620028793812,0
114307,10,1,0.000119367636216339,0.000861152249854058,0,0.0282739605754614,0.718468308448792,0,0,0.000460418028524145,0.198521703481674,0.0181524083018303,0.0107490140944719,0.0243937093764544,0
113995,10,16,0,0,0,0.2414420992136,0.6214479804039,0,0,0.0111937578767538,0.119858011603355,0.000150365303852595,0.00431794160977006,0.00158993131481111,0
114196,10,17,0,0,0,0.171695932745934,0.758573889732361,0,0,0.0326085239648819,0.0315109305083752,0.0010742925805971,0.000878966646268964,0.00365741946734488,0
114415,10,16,9.68501481111161e-05,0,0,0.176623895764351,0.496388554573059,0,0,0.0193084888160229,0.296320885419846,3.02656717394711e-05,0.00833463110029697,0.00289642461575568,0
113848,10,6,0.000113107271317858,2.18198365473654e-05,1.1901728612429e-05,0.106149584054947,0.784126937389374,0,0,0.0125297727063298,0.089400477707386,0,0.0058683673851192,0.00177806627471,0
114207,15,1,0.000108850203105249,0,0,0.221163138747215,0.338514983654022,0,0,0.0164425484836102,0.41157266497612,0.000265026581473649,0.00573773309588432,0.00619499618187547,0
113963,10,1,0.00014100172847975,0,0,0.147341266274452,0.77068567276001,0,0,0.00406554993242025,0.0698845386505127,0,0.00508544268086553,0.00279653444886208,0
114107,10,5,0.00370638840831816,1.57368940563174e-05,0,0.0735528171062469,0.751734673976898,0,0,0.00072611786890775,0.0668352544307709,0.0708849430084229,0.00518258707597852,0.027361499145627,0
114314,10,1,6.84843835188076e-05,0.000362564373062924,0,0.0410568974912167,0.832007765769958,0,0,0.00026990904007107,0.0993686690926552,0.00726337311789393,0.0103559466078877,0.00924637820571661,0
114243,10,1,2.50119246629765e-05,0,0,0.111235357820988,0.70320999622345,0,0,0.00432593794539571,0.162804439663887,0.00350507628172636,0.00830887630581856,0.00658534560352564,0
114116,15,14,0,0,0,0.00497869635000825,0.266342014074326,0,0,0.000340525963110849,0.672223269939423,0.00150225812103599,0.0219028256833553,0.0327104143798351,0
114114,10,8,0,0,0,0.00426309742033482,0.750141024589539,0,0,0,0.215962842106819,0.00771704129874706,0.00977348256856203,0.0121425064280629,0
114006,10,16,0,0,0,0.0626958459615707,0.922174870967865,0,0,0.00374243105761707,0.00205876096151769,0.000442839867901057,0.00522382976487279,0.0036613498814404,0
114108,10,5,0.00997080560773611,4.13961606682278e-05,0,0.0630293190479279,0.6044881939888,0,0,0.000121067139843944,0.273603767156601,0.0193921625614166,0.0147999729961157,0.0145532889291644,0
114236,15,1,2.03312556550372e-05,0,0,0.064456894993782,0.397618234157562,0,2.37197982642101e-05,0.00730050588026643,0.503947734832764,0.000538788910489529,0.0145430956035852,0.0115506667643785,0
114312,10,1,1.77950369106838e-05,0.00116839737165719,0,0.0198707319796085,0.508123517036438,0,0,0.000530292105395347,0.423793643712997,0.00486066238954663,0.0163252968341112,0.0253096949309111,0
113827,10,1,0.000389730033930391,0,0,0.154446199536324,0.483974158763885,0,0,0.0587254278361797,0.287241011857986,0,0.0136581948027015,0.00156532309483737,0
113839,15,8,0,0,0,0.00053229636978358,0.2653768658638,0,0,0.00334754353389144,0.680880784988403,0.021830627694726,0.0280318912118673,0,0
114091,10,17,0,0,0,0.129100635647774,0.511624813079834,0,0,0,0,0.22280915081501,0.0378739945590496,0.0985913798213005,0
114117,15,14,0,0.00060777529142797,0,0.0166014693677425,0.345324128866196,0,0,0.000255905382800847,0.581794500350952,0.0210314337164164,0.01794901676476,0.0164357963949442,0
113875,10,1,4.25348516728263e-05,0,0,0.123817808926105,0.469130754470825,0,0,0.0371143333613873,0.331263542175293,0.0080900052562356,0.0277507416903973,0.00279028620570898,0
113893,15,16,0,0,0,0.0262085497379303,0.260404825210571,0,0,0.0365973487496376,0.607863903045654,0.0104458685964346,0.0313122794032097,0.027167210355401,0
114418,10,1,7.59846807341091e-05,0,0,0.150759309530258,0.698302805423737,0,0,0.00923888757824898,0.134941592812538,0.000260880740825087,0.00552575988695025,0.00089479424059391,0
114121,15,5,0,4.45061486971099e-05,0,0.00343955820426345,0.106001764535904,0,0,0.000484004383906722,0.840626001358032,0.00786326359957457,0.0263311415910721,0.0152098136022687,0
113846,8,14,0,0,0,0.574149370193481,0.398054212331772,0,0,0.0043221041560173,0.0234743133187294,0,0,0,0
114311,15,1,0.000297467893688008,0.000872572476509959,0,0.00853732880204916,0.177756085991859,0,0,0.00138322566635907,0.747956275939941,0.0188948102295399,0.0271605383604765,0.0171417277306318,0
113841,10,1,3.38844511134084e-05,0,0,0.411753356456757,0.485975593328476,0,0,0.0282382033765316,0.0707644373178482,0.00031948194373399,0.000310791801894084,0.00260426197201014,0
113857,10,6,0.000536145176738501,0,0.000134802219690755,0.105163730680943,0.649079382419586,0,0,0.00821670889854431,0.231769219040871,0,0.00418701535090804,0.000912978663109243,0
113978,10,18,0,0,0,0.158316642045975,0.535840272903442,0,0,0.001468391623348,0.28685650229454,0,0.016757695004344,0.000760487804654986,0
114254,10,1,0.000135827925987542,0,0,0.0463306345045567,0.548777401447296,0,0,0.00710351020097733,0.377517998218536,0.000545542337931693,0.0173816196620464,0.00220744451507926,0
114437,10,18,0,0,0,0.0433754436671734,0.897218823432922,0,0,0.00237268605269492,0.0427868589758873,0,0.0126667488366365,0.00157949852291495,0
114130,15,1,5.08613084093668e-05,0.000132239409140311,0,0.00807122606784105,0.294180661439896,0,0,0.00152877485379577,0.630705535411835,0.00223380862735212,0.0370547994971275,0.0260421000421047,0
113898,10,15,0.000726949656382203,0,0,0.261056631803513,0.688131034374237,0,0,0.0286502428352833,8.11484351288527e-05,0,0.0213540270924568,0,0
114217,15,1,1.86482466233429e-05,0,0,0.127887398004532,0.301441937685013,0,0,0.0377853699028492,0.517854809761047,5.74987607251387e-05,0.0141493044793606,0.000804982671979815,0
113637,15,16,4.12544395658188e-05,0,0,0.0658517777919769,0.294301301240921,0,0,0.00276349508203566,0.618310511112213,2.40650897467276e-05,0.0180667079985142,0.00064090098021552,0
114210,8,1,2.635794771777e-05,0,0,0.465670108795166,0.448228091001511,0,0,0.00176866387482733,0.07877366989851,0.00029187454492785,0.00267574936151505,0.00256550684571266,0
113778,10,14,0,0,0,0.0803750306367874,0.676575481891632,0,0,0.00804030895233154,0.235009148716927,0,0,0,0
114333,15,14,0.00010466254025232,0.00129620532970876,0,0.0048305788077414,0.150532856583595,0,0,4.02548248530366e-05,0.790784299373627,0.00374150369316339,0.0348412618041039,0.0138284061104059,0
113776,8,1,7.02744000591338e-05,0,0,0.557077348232269,0.428628921508789,0,0,0.000646524480544031,0.013140307739377,0,0,0.000436654489021748,0
113633,15,18,0.00226204190403223,0,0,0.117047905921936,0.315236300230026,0,0,0.00272542983293533,0.545475900173187,0,0.0154177099466324,0.00183468905743212,0
113955,15,6,1.60731524374569e-05,0.000140949181513861,6.18198191659758e-06,0.0324294716119766,0.225108176469803,0,0,0.0296362563967705,0.697677075862885,1.73095486388775e-05,0.0138693302869797,0.00109915633220226,0
113922,10,1,0.000202456882107072,0,0,0.121002689003944,0.853415310382843,0,0,0.00204508099704981,0,0,0.019450968131423,0.00388349127024412,0
114159,10,1,3.35108161380049e-05,0.000912238901946694,0,0.155409067869186,0.667259037494659,0,0,0.000567928189411759,0.137311041355133,0.00268457992933691,0.0200845841318369,0.0157380122691393,0
114338,15,6,0.000329918722854927,0.00129369786009192,7.10594176780432e-05,0.0103128552436829,0.154455572366714,0,0,0.000550710479728878,0.777659296989441,0.00474126962944865,0.0353414118289948,0.0152442427352071,0
114261,10,1,4.29602732765488e-05,0,0,0.0288762543350458,0.771759688854218,0,0,0.00015245532267727,0.159731402993202,0.0154735138639808,0.014045006595552,0.00991861801594496,0
113747,10,1,0.000429717329097912,0,0,0.433297365903854,0.563528537750244,0,0,0.00103132158983499,0,0,0,0.00171304075047374,0
113733,10,1,0.000824229791760445,0,0,0.484421610832214,0.49046927690506,0,0,0,0.0242849159985781,0,0,0,0
114339,10,1,0.000445041427155957,0.00137145421467721,0,0.0284619722515345,0.451740264892578,0,0,0.000853752950206399,0.41068971157074,0.0628175958991051,0.0220816731452942,0.0215385518968105,0
113636,15,1,1.29347145048087e-05,0,0,0.0171873029321432,0.155371889472008,0,0,0.00207646703347564,0.800335288047791,5.38946442247834e-05,0.0229082349687815,0.00205396628007293,0
114179,10,16,0,0,0,0.0592037104070187,0.931400775909424,0,0,0.00260693812742829,0,0.00100033672060817,0.00345405447296798,0.00233411905355752,0
113721,10,18,0,0,0,0.293183773756027,0.701467156410217,0,0,0.00370319583453238,0,0,0,0.00164586480241269,0
114285,10,5,0,1.43053212013911e-05,0,0.0199179835617542,0.656252205371857,0,0,0.000687882944475859,0.295896738767624,0.00106587214395404,0.0140340998768806,0.012130843475461,0
113812,10,16,0.000235131810768507,0,0,0.157075583934784,0.652401626110077,0,0,0.0160736665129662,0.157737657427788,0.000142025921377353,0.0122950887307525,0.00403920840471983,0
113713,10,1,0.000285071262624115,0,0,0.439747273921967,0.535217940807343,0,0,0.000518643413670361,0.0233758445829153,0,0,0.000855213787872344,0
114273,10,15,0,0,0,0.0613817609846592,0.716974794864655,0,0,0,0.00316003710031509,0.175197079777718,0.0236790478229523,0.0196073055267334,0
114181,10,14,0,0,0,0.073202520608902,0.920074880123138,0,0,0.000300114043056965,0.00462175626307726,0,0,0.00180068414192647,0
113686,10,1,3.40047408826649e-05,0,0,0.367796868085861,0.381441503763199,0,0,0.00875281170010567,0.230175077915192,0.000782108982093632,0.00902498792856932,0.00199267780408263,0
113826,10,1,7.26863509044051e-05,0,0,0.19503678381443,0.680115342140198,0,0,0.020282506942749,0.101677633821964,0.000293552089715376,0.000655840383842587,0.00186561641748995,0
113685,10,1,0.000126891623949632,0,0,0.459840834140778,0.505856096744537,0,0,0.000676755327731371,0.0328226312994957,0,0,0.000676755327731371,0
114383,10,16,0.0143468547612429,0.00573124783113599,0.000755084271077067,0.297200679779053,0.331589758396149,0,0,0.0843021720647812,0.230962246656418,0.000163961143698543,0.0259978007525206,0.00895021297037601,0
113669,10,8,0,0,0,0.0943799167871475,0.905620098114014,0,0,0,0,0,0,0,0
113808,10,18,0,0,0,0.305193483829498,0.640492022037506,0,0,0.024279560893774,0.0289586391299963,0,0,0.00107630633283406,0
113690,10,16,0.000362469785613939,0,0,0.281105935573578,0.681802749633789,0,0,0.0321799553930759,0.00227212137542665,9.06174464034848e-05,0,0.00218614586628973,0
114308,15,14,0,0,0,0.0222871340811253,0.398787558078766,0,0,0.000893307034857571,0.542588412761688,0.00263198302127421,0.0198540706187487,0.0129575692117214,0
113675,8,1,8.37840634630993e-05,0,0,0.494195848703384,0.401037842035294,0,0,0.00833857618272305,0.0855997800827026,0.000111712084617466,0.00635553989559412,0.00427697692066431,0
114141,10,18,0,0,0,0.0501635037362576,0.879789769649506,0,0,0.037176351994276,0,0,0,0.0328704304993153,0
114340,15,14,0,0.00466071721166372,0,0.0381577648222446,0.421771734952927,0,0,0.000104869192000479,0.498283803462982,0.00668943952769041,0.0288346782326698,0.00149701884947717,0
114147,10,1,4.92646722705103e-05,5.12041478941683e-05,5.30542602064088e-05,0.0335847027599812,0.727790117263794,0,0,0.000677473959513009,0.194320768117905,0.00361147942021489,0.00555745791643858,0.0343044586479664,0
114435,10,17,0,0,0,0.0437030419707298,0.943037450313568,0,0,0.00152814737521112,0.00918458495289087,0,0.00093823904171586,0.00160853844136,0
114420,10,1,2.79442920145812e-05,0,0,0.137271150946617,0.653659880161285,0,0,0.00581552134826779,0.185936987400055,0.00962044112384319,0.00615543220192194,0.00151259964331985,0
114216,8,18,0,0,0,0.700218558311462,0.298317939043045,0,0,0,0,0.0012021743459627,0,0.000261342240264639,0
114139,10,16,0,0,0,0.00287014013156295,0.966978132724762,0,0,0.00525300158187747,0,0.00187964108772576,0,0.0230190753936768,0
114341,15,1,0.000105398270534351,0.000661735190078616,0,0.0137299271300435,0.452276229858398,0,0,0.000537531159352511,0.473924666643143,0.0306358933448792,0.0202237870544195,0.00790487043559551,0
114131,10,16,0,0.000314126198645681,0,0.0585884302854538,0.849906086921692,0,0,0.00214451551437378,0.0613422207534313,3.02044427371584e-05,0.00470558786764741,0.0229687821120024,0
113797,15,8,0,0,0,0.0210084803402424,0.458652317523956,0,0,0,0.520339250564575,0,0,0,0
113628,10,18,0,0,0,0.0795438438653946,0.473556131124496,0,0,0.0158722158521414,0.397778153419495,0.000523678259924054,0.0324859172105789,0.000240019187913276,0
113793,10,18,0,0,0,0.27041232585907,0.622862458229065,0,0,0.00246197497472167,0.10290701687336,0,0,0.00135617272462696,0
114450,10,5,0,7.24924102541991e-05,0,0.0246734078973532,0.874865412712097,0,0,0.00372722907923162,0.0510927066206932,0.0105385202914476,0.0132093382999301,0.0218208450824022,0
113981,10,16,0.0110520264133811,0.00317071261815727,0.000269329233560711,0.263917505741119,0.521051049232483,0,0,0.0594019144773483,0.136395707726479,0.00024124413903337,0.00380656588822603,0.000693911337293684,0
113957,10,14,0,0,0,0.1274304240942,0.854151010513306,0,0,0.000475559412734583,0.00540235498920083,0,0.0110379057005048,0.00150276767089963,0
113648,8,16,0.0015285771805793,0,0,0.730270624160767,0.260744839906693,0,0,0.0068861972540617,0,3.92935653508175e-05,0,0.000530463119503111,0
114310,15,14,0,0,0,0.0189878325909376,0.0421974770724773,0,0,0.000188533012988046,0.88840514421463,0.00100550940260291,0.0451620295643806,0.0040534595027566,0
114348,10,6,0.000137635128339753,0.00129701348487288,9.83108038781211e-05,0.018376475200057,0.602140247821808,0,0,0.000471891864435747,0.347042948007584,0.00812047254294157,0.0131495920941234,0.0091654546558857,0
114215,15,5,0,9.29448433453217e-05,0,0.0194878280162811,0.274408668279648,0,0,0.00589465955272317,0.662331104278564,0.00032643080339767,0.0198895130306482,0.0175688620656729,0
114344,15,5,0,1.57343329192372e-05,0,0.00060036574723199,0.149130269885063,0,0,0,0.800836622714996,0.00080677738878876,0.0256273075938225,0.0229829251766205,0
114043,15,1,8.57683559729594e-08,0,0,0.0300256796181202,0.117086887359619,0,0,0.00583138642832637,0.816127240657806,0.000385330233257264,0.0299648158252239,0.000578586594201624,0
114184,10,14,0,0.00214055343531072,0.000331535062287003,0.0538013391196728,0.886907696723938,0,0,0.000256939674727619,0.0506896153092384,0.00138161389622837,0.00207047304138541,0.0024202058557421,0
114256,10,16,0,0,0,0.203811004757881,0.705605506896973,0,0,0.000193914034753107,0.0662019401788712,0.000153321539983153,0.00890607666224241,0.0151281878352165,0
114208,15,5,0,1.0099714017997e-05,0,0.109158985316753,0.401731699705124,0,0,0.030235668644309,0.445123791694641,0.000210410697036423,0.00891548115760088,0.00461379298940301,0
113760,10,14,0,0,0,0.210303798317909,0.768142282962799,0,0,0.00300751882605255,0.0185463652014732,0,0,0,0
113691,10,16,0,0,0,0.134414121508598,0.773566663265228,0,0,0.018073670566082,0.0661943778395653,0.000244790251599625,0.00117172976024449,0.0063346941024065,0
113759,10,18,0,0,0,0.354985594749451,0.590314090251923,0,0,0.000792940380051732,0.0533641278743744,0,0,0.000543292087968439,0
114187,10,14,0,0,0,0.0836613327264786,0.861977696418762,0,0,0.000711935223080218,0.0490490198135376,0,0.00167315453290939,0.00292684463784099,0
114445,15,1,1.35081272674142e-05,0,0,0.150399699807167,0.20732019841671,0,0,0.0174744315445423,0.606191635131836,0.00171403121203184,0.0139012234285474,0.00298529607243836,0
113646,8,1,0.000105155173514504,0.000336496566887945,0,0.798366785049438,0.19258987903595,0,0,0.00830725859850645,0,0,0,0.000294434488750994,0
114085,10,18,0,0,0,0.0325775407254696,0.709000170230865,0,0,0,0.203427046537399,0.0223925691097975,0.0167395379394293,0.0158630963414907,0
114115,10,1,8.1941980170086e-05,0,0,0.123094856739044,0.56391167640686,0,0,0.00546468514949083,0.29635888338089,0.000568472489248961,0.00847236718982458,0.00204714783467352,0
113625,15,18,0,0,0,0.075392484664917,0.189530849456787,0,0,0.00458883913233876,0.706423282623291,0,0.0208201762288809,0.00324433855712414,0
113877,10,17,0,0,0,0.0766097754240036,0.662548661231995,0,0,0.214729815721512,0.0163521803915501,0.00898158084601164,0.004602394066751,0.0161756128072739,0
113738,8,15,0,0,0,0.541811585426331,0.450090438127518,0,0,0,0.00809797458350658,0,0,0,0
114283,15,6,0.000252708152402192,0.000200060603674501,5.79122825001832e-05,0.0193501748144627,0.372726708650589,0,0,0.000752859690692276,0.572164475917816,0.00340103032067418,0.0232864748686552,0.00780762871727347,0
114003,10,6,0.000724317564163357,0.00171410897746682,0.000147485479828902,0.106757186353207,0.828612864017487,0,0,0.00652624387294054,0.0495881699025631,0.000373629882233217,0.00384513731114566,0.00171083153691143,0
113622,15,16,0,0,0,0.0396678298711777,0.346518695354462,0,0,0.012819392606616,0.580338418483734,0.000766433426178992,0.0173337012529373,0.00255553866736591,0
114103,10,18,0,0,0,0.00640468439087272,0.781181216239929,0,0,0,0.197201445698738,0,0.00889081414788961,0.00632181484252214,0
113652,10,16,0,0,0,0.359039694070816,0.639598786830902,0,0,0.000703319441527128,0,5.41014960617758e-05,0,0.000604133354499936,0
114355,10,1,0.000135915659484453,0.00807639211416245,0,0.0241700764745474,0.694096624851227,0,0,0.00020872762252111,0.244927123188972,0.00850353669375181,0.01460369117558,0.00527793914079666,0
113850,10,18,0,0,0,0.212434560060501,0.724597871303558,0,0,0.0216110181063414,0.0327901393175125,0,0.0077611468732357,0.000805283547379076,0
113903,10,1,7.08505176589824e-05,0,0,0.394855141639709,0.42551976442337,0,0,0.00581711623817682,0.168630689382553,9.81007178779691e-05,0.00468133296817541,0.000327002402627841,0
114346,10,1,0.00106046930886805,0.00801384449005127,0.00138909067027271,0.0970298051834106,0.622557103633881,0,0,0,0.246811062097549,0.0136457737535238,0.00949288345873356,0,0
114149,10,1,9.24332343856804e-05,0.00117893901187927,0,0.1198790371418,0.497488379478455,0,0,0.0017469881568104,0.344282329082489,0.000949751469306648,0.0157120805233717,0.0186700560152531,0
113624,10,16,0.00294548482634127,0,0,0.150101855397224,0.552997946739197,0,0,0.0813372209668159,0.1729786247015,0.000284425856079906,0.0287434812635183,0.0106109101325274,0
113724,8,14,0,0,0,0.541264235973358,0.438277751207352,0,0,0.000178586386027746,0.0154179586097598,0,0,0.0048615182749927,0
113825,10,1,3.04726727335947e-05,0,0,0.101802080869675,0.738546013832092,0,0,0.0145386671647429,0.135566458106041,0.000248745840508491,0.0081584183499217,0.00110920530278236,0
113991,10,1,0.000103154561656993,0,0,0.170035943388939,0.522446513175964,0,0,0.0488871596753597,0.248968333005905,0,0.00732658058404922,0.00223224144428968,0
114219,8,18,0,0,0,0.535439610481262,0.388339072465897,0,0,0,0.0757348164916039,0.000459260627394542,0,2.72813613264589e-05,0
113923,10,16,0,0,0,0.136931166052818,0.644320845603943,0,0,0.017751494422555,0.183415591716766,0.000342677434673533,0.0146321663632989,0.00260604079812765,0
114025,15,18,0,0,0,0.0291951969265938,0.115768298506737,0,0,0.00328304222784936,0.826573729515076,0.000162348238518462,0.0249658077955246,5.15391220687889e-05,0
113894,10,1,0.000154632027260959,0,0,0.125990062952042,0.647251129150391,0,0,0.014219400472939,0.0373045690357685,0.000535264669451863,0.00711999693885446,0.167424976825714,0
114011,10,1,4.38338465755805e-05,0,0,0.103868164122105,0.891633629798889,0,0,0.000219169218325987,0,0.000324370455928147,0.00253445073030889,0.00137638277374208,0
114137,10,5,0,0.000168457758263685,0,0.0072933160699904,0.949102461338043,0,0,0,0.00336345098912716,0.0186747442930937,0,0.0213975924998522,0
113677,10,16,0,0,0,0.352002263069153,0.641767263412476,0,0,0.0053117354400456,0,0.000306219793856144,0,0.000612439587712288,0
113661,10,16,0,0,0,0.377161473035812,0.537290990352631,0,0,0.0577105917036533,0.0196074675768614,0.00276297819800675,0,0.00546653755009174,0
114101,10,1,2.20902547880542e-05,9.66448642429896e-05,0,0.0719156488776207,0.589248538017273,0,0,0.0187815390527248,0.310130953788757,0.000477701745694503,0.00595809379592538,0.00336876371875405,0
114180,10,15,0,0,0,0.0994471684098244,0.890067756175995,0,0,0.00231932452879846,0.00103786995168775,0,0.00600355677306652,0.00112435908522457,0
113739,8,16,0.000675658986438066,0,0,0.41791695356369,0.369469821453094,0,0,0.0240069683641195,0.175516039133072,5.68934265174903e-05,0.0116295097395778,0.00072811171412468,0
114239,10,5,0,9.61996702244505e-05,0,0.0029385460074991,0.539131820201874,0,0,0.000422596640419215,0.416111290454865,0.000367242551874369,0.0132150780409575,0.027717225253582,0
113862,10,16,0.00015221448848024,9.36779397306964e-05,0,0.126612216234207,0.824960470199585,0,0,0.025240009650588,0.0203539952635765,9.13551048142835e-05,0.00226777605712414,0.000228324381168932,0
114376,10,1,2.85446058114758e-05,0.00668170815333724,5.44942449778318e-05,0.161640241742134,0.419209629297256,0,0,9.60136749199592e-05,0.395584106445312,0.000111583460238762,0.0154933920130134,0.00110026483889669,0
114304,10,11,0,0,0,0.043346107006073,0.663305461406708,0.000207517616217956,0,0.002710698870942,0.247674122452736,0.00914182234555483,0.0184917878359556,0.0151224471628666,0
114374,10,14,0.0231935326009989,0.104752235114574,0.00613476941362023,0.257018685340881,0.517664194107056,0,0,0.000403855461627245,0.059371005743742,0.00144973234273493,0.0209153033792973,0.00909667368978262,0
113976,15,16,6.42734448774718e-05,0,0,0.221931874752045,0.291473686695099,0,0,0.00578047800809145,0.468612134456635,3.57074713974725e-05,0.0119519168511033,0.000149971383507363,0
113829,10,16,0,0,0,0.175016552209854,0.38573157787323,0,0,0.101632632315159,0.223699003458023,0.00604048185050488,0.0112629886716604,0.0966167226433754,0
114343,15,1,0.00259493989869952,0.0271279774606228,0.0132080456241965,0.032280370593071,0.213856905698776,0,0,0,0.657597422599792,0.00468818563967943,0.0336518250405788,0.0149943260475993,0
113807,10,18,0,0,0,0.0439140498638153,0.817365944385529,0,0,0.0119076054543257,0.123760789632797,0,0.002951416419819,0.000100237230071798,0
113717,10,1,8.58698767842725e-05,0,0,0.295918762683868,0.591381788253784,0,0,0.0150713743641973,0.0967335850000381,0.000300544576020911,0,0.000508063414599746,0
114432,10,1,4.00626267946791e-05,0,0,0.103320755064487,0.893970489501953,0,0,0.000721127260476351,0.000257293839240447,0,0,0.00169028667733073,0
113613,10,18,0.027253957465291,0.00906932353973389,0.000864610192365944,0.184632316231728,0.506511569023132,0,0,0.0558118522167206,0.209103643894196,0.000975576229393482,0.00541654322296381,0.000360639533028007,0
113705,10,8,0,0,0,0.454105973243713,0.545893967151642,0,0,0,0,0,0,0,0
113942,8,6,0.0359748676419258,0.00477664824575186,7.22821932868101e-05,0.516403377056122,0.306146562099457,0,0,0.0631467178463936,0.0697401016950607,0,0.00259494828060269,0.00114446796942502,0
113828,10,16,0,0,0,0.400423973798752,0.448869377374649,0,0,0.0224481914192438,0.120073042809963,1.4212632777344e-05,0.00631548510864377,0.00185571145266294,0
114351,10,1,7.58683163439855e-05,7.58683163439855e-05,0,0.0101967016234994,0.536564290523529,0,0,7.58683163439855e-05,0.243447929620743,0.00668613845482469,0.00546820228919387,0.197409123182297,0
113700,8,14,0,0,0,0.553923726081848,0.431945770978928,0,0,0.0037416850682348,0.0103887720033526,0,0,0,0
113664,10,18,0,0,0,0.144997388124466,0.846538841724396,0,0,0.00811758637428284,0,0.000279185769613832,0,6.70045847073197e-05,0
113986,15,5,0,3.27855013892986e-05,0,0.031315129250288,0.28988716006279,0,0,0.0161687936633825,0.646565973758698,9.1799403890036e-05,0.014246603474021,0.00169173185713589,0
114280,15,17,0,0,0,0,0.226206168532372,0,0,0,0.772555112838745,0,0.00123867997899652,0,0
113619,8,17,0.105589881539345,0.062296025454998,0.0070026540197432,0.565834164619446,0.143224582076073,0,0,0.108570292592049,0.00661895982921124,0,0.000372869981219992,0.000490562990307808,0
114186,10,15,0,0,0,0.00995374005287886,0.983029127120972,0,0,0,0.000911623181309551,0.00610544858500361,0,0,0
113818,10,16,0.00123155582696199,0,0,0.173272669315338,0.41650977730751,0,0,0.0067459181882441,0.397200286388397,0.000238635620917194,0.00311151193454862,0.00168969423975796,0
114028,15,16,0.000583764456678182,0,0,0.0632218644022942,0.20612695813179,0,0,0.003703378373757,0.700491786003113,0.00030401541152969,0.0248850584030151,0.00068319943966344,0
114321,10,6,0.000242002657614648,0.00131523178424686,2.63046367763309e-05,0.0578893385827541,0.712799847126007,0,0,0.000489266240037978,0.210269182920456,0.0022148503921926,0.0124437510967255,0.00231024879030883,0
113657,10,1,5.40747860213742e-05,0,0,0.309646517038345,0.615647494792938,0,0,0.0123657584190369,0.0503563396632671,0.00064889743225649,0.000727302860468626,0.0105535956099629,0
113932,10,16,0.000133152192574926,5.48273746971972e-05,0,0.125390008091927,0.828981041908264,0,0,0.0124795511364937,0.0309484768658876,3.91624125768431e-05,0,0.00197378545999527,0
114460,10,14,0.147472232580185,0.0698329359292984,0.0498725883662701,0.227099731564522,0.362300932407379,0,0,0.000634741736575961,0.114467009902,0.00227229367010295,0.0198908355087042,0.00615672208368778,0
114423,10,16,8.98231592145748e-05,0,0,0.149147853255272,0.594077229499817,0,0,0.0054679848253727,0.234327524900436,5.61394735996146e-05,0.0153625085949898,0.00147085427306592,0
114122,10,1,2.60509368672501e-05,0,0,0.00444579869508743,0.910150647163391,0,0,6.77324351272546e-05,0.00769709795713425,0.0489869751036167,0.00589297758415341,0.0227326527237892,0
114318,15,5,0,3.4398242860334e-05,0,0.000512846512719989,0.284337252378464,0,0,0.00148850574623793,0.649638950824738,0.000512846512719989,0.0288351289927959,0.0346400626003742,0
114262,10,5,0,2.75941074505681e-05,0.000380798679543659,0.0151656661182642,0.825119912624359,0,0,8.83011452970095e-05,0.0936985164880753,0.0562583580613136,0.00740771694108844,0.00185310794040561,0
114192,10,1,0.000293108401820064,0.00254542962647974,0.00116439862176776,0.107871472835541,0.810501635074615,0,0,0.000893608259502798,0.0512558147311211,0.0235839504748583,0.00148438918404281,0.000406185572501272,0
114241,10,6,0,0.000879828701727092,0.000209696518140845,0.0198896192014217,0.901848614215851,0,0,0,0.0557008720934391,0.00985272228717804,0.008429572917521,0.0031891327816993,0
114430,10,1,4.7113328037085e-05,0,0,0.085271455347538,0.783351957798004,0,0,0.000959934084676206,0.124011479318142,0,0.00483276788145304,0.00152529403567314,0
113651,8,15,0,0,0,0.632552206516266,0.35466793179512,0,0,0.00602157972753048,0.000304533255985007,0.00151095341425389,0,0.00494280876591802,0
114165,8,6,0.000185557903023437,0.00769383646547794,6.01809442741796e-05,0.440257102251053,0.403550624847412,0,0,0.000220869653276168,0.091503381729126,9.02714164112695e-05,0.00289636151865125,0.053541824221611,0
114342,10,1,2.37198073591571e-05,0.00122227147221565,0,0.0519978813827038,0.524147510528564,0,0,0.000647211913019419,0.380257904529572,0.00573288649320602,0.017406327649951,0.0185642931610346,0
114152,10,17,0,0,0,0.013711990788579,0.908139109611511,0,0,0,0,0.0625835731625557,0.00755957327783108,0.00800569262355566,0
114406,10,18,0,0,0,0.22095350921154,0.765477955341339,0,0,0.0124871414154768,0,0.00055424083257094,0,0.00052716163918376,0
113888,8,15,0.203547686338425,0.0543272383511066,0.0102943275123835,0.630515158176422,0.0530714392662048,0,0,0.0461826324462891,0.000622938212472945,0,0.00143855344504118,0,0
113731,8,14,0,0,0,0.601278305053711,0.394047260284424,0,0,0.000163003322086297,0.00408764276653528,0,0,0.000423808611230925,0
113802,10,18,0.145658314228058,0.00504014641046524,0.000369246699847281,0.300470948219299,0.412060171365738,0,0,0.0279249772429466,0.10314866900444,0.000275819795206189,0.00478170718997717,0.000270046090008691,0
113937,10,18,0,0,0,0.0935013964772224,0.661626219749451,0,0,0.00874444469809532,0.226227089762688,0,0.00953919999301434,0.000361612386768684,0
113742,8,18,0,0,0,0.569944262504578,0.422448337078094,0,0,0.000338909943820909,0.00696041481569409,0,0,0.00030809995951131,0
113950,10,6,0.000225258059799671,0.000291948206722736,2.56094917858718e-05,0.209075078368187,0.788889408111572,0,0,0,0.000596315658185631,0,0,0.000896332203410566,0
114380,8,18,0.316347002983093,0.0752150043845177,0.0130058974027634,0.504512667655945,0.0314507447183132,0,0,0.0451145656406879,0,0,0.0133237736299634,0.00103041005786508,0
114099,10,18,0,0,0,0.0669636502861977,0.898733377456665,0,0,0,0,0.0335895717144012,0,0.00071336462860927,0
114097,10,14,0,0.000870181655045599,0,0.0182394236326218,0.864348888397217,0,0,3.78339827875607e-05,0.0354298949241638,0.0027296612970531,0.00369337317533791,0.0746506899595261,0
114191,10,16,0,0,0,0.0923551693558693,0.775841176509857,0,0,0.00552930263802409,0.121561370790005,0.000176062560058199,0.00116654974408448,0.00337034044787288,0
113912,10,16,0.00035277265124023,0,0,0.169574543833733,0.814218282699585,0,0,0.00399330398067832,0.00844846293330193,5.7195207773475e-05,0,0.00335545232519507,0
113789,10,1,8.04766386863776e-05,0,0,0.478121072053909,0.48721918463707,0,0,0.00391912180930376,0.0267006941139698,0.000241429908783175,0,0.00371802062727511,0
113821,10,15,0,0,0,0.448516935110092,0.549178421497345,0,0,0.00178736541420221,0.000250922312261537,0,0,0.000266399612883106,0
113695,10,1,4.3445521441754e-05,4.57303285656963e-05,0,0.402868568897247,0.590470969676971,0,0,0.00118282961193472,0.00397106632590294,0.00010691332136048,0,0.00131045188754797,0
114111,15,1,1.74992910615401e-05,8.74964534887113e-05,1.74992910615401e-05,0.0143091036006808,0.366198062896729,0,0,0.00352785689756274,0.552803933620453,0.00534325465559959,0.0361419171094894,0.0215534325689077,0
114027,15,16,0,0,0,0.057442806661129,0.253906279802322,0,0,0.00035264456528239,0.661097705364227,0.000232595353736542,0.0266903229057789,0.000277613813523203,0
113951,10,18,0,0,0,0.238788858056068,0.594888865947723,0,0,0.0229189973324537,0.132648512721062,0,0.0104129910469055,0.00034174881875515,0
114094,10,5,0,0.000199068526853807,0,0.0206358935683966,0.533518731594086,0,0,0.000462961266748607,0.42674708366394,0.00261242431588471,0.0139224035665393,0.00190144800581038,0
113649,8,14,0,0,0,0.825760960578918,0.161963224411011,0,0,0.00472478056326509,0,0,0,0.00755098275840282,0
113641,8,1,0.000127413906739093,0,0,0.573250293731689,0.41335728764534,0,0,0.00504025723785162,0.00640238542109728,0.000219270441448316,0,0.00160304480232298,0
114075,10,17,0.0453259572386742,0.0351908057928085,0.0159050617367029,0.336734116077423,0.513355851173401,0,0,0.0194530803710222,0.0273889172822237,0,0.00664615398272872,0,0
114205,10,14,0,0,0,0.00960290338844061,0.826279819011688,0,0,4.30819891334977e-05,0.157679304480553,0,0.00250020762905478,0.00389461172744632,0
114334,10,14,0,0.000571591546759009,0,0.0162221323698759,0.674379587173462,0,0,6.12419535173103e-05,0.263268887996674,0.0130021953955293,0.00960302259773016,0.0228913612663746,0
114182,10,6,0.00283536408096552,0.00362054747529328,0.000103149497590493,0.110779643058777,0.874157547950745,0,0,0.00277766631916165,0.00309328502044082,0,0.00146728369873017,0.00116558931767941,0
113667,10,14,0,0,0,0.292244046926498,0.703903257846832,0,0,0.000729697349015623,0.00221817218698561,0,0,0.00090478069614619,0
113785,10,18,0,0,0,0.475732028484344,0.511999070644379,0,0,0.00114540243521333,0.0108780199661851,0,0,0.000245443370658904,0
114378,10,16,0.000189168786164373,0.0121082784608006,0.000287536560790613,0.214810624718666,0.618562996387482,0,0,0,0.146265313029289,0.000143768280395307,0.00617190543562174,0.00146038306411356,0
114352,10,6,0.00033282331423834,0.000571498763747513,0.000123039266327396,0.00271004531532526,0.444593399763107,0,0,0.00020801457867492,0.140200704336166,0.054394643753767,0.0183056071400642,0.338560223579407,0
113980,10,16,6.41882506897673e-05,0,0,0.202523037791252,0.415010362863541,0,0,0.00671408139169216,0.370723187923431,5.34902064828202e-05,0.00459069851785898,0.000320941238896921,0
114153,15,5,0,0.000163237200467847,0,0.011818764731288,0.145993277430534,0,0,0.00017227184434887,0.733292281627655,0.0313662029802799,0.028771910816431,0.0484220758080482,0
114073,10,17,0.029698209837079,0.0238150134682655,0.0106199961155653,0.17379567027092,0.672946035861969,0,0,0.0400234498083591,0.0437197983264923,0,0.00538183422759175,0,0
114212,10,1,7.13667759555392e-05,0,0,0.134585306048393,0.584482431411743,0,0,0.027149360626936,0.240629091858864,0,0.0108201149851084,0.00226232688874006,0
113666,10,18,0.00138333882205188,0,0,0.339588463306427,0.632439196109772,0,0,0.00665576849132776,0.0125823738053441,0.00611482094973326,0,0.00123604130931199,0
114367,10,14,0.00772828375920653,0.0135474726557732,0.00385996443219483,0.0938710942864418,0.580030679702759,0,0,0.000108613719930872,0.279324173927307,0.00352136674337089,0.0157434605062008,0.00226494879461825,0
113849,10,6,0.00546204624697566,0,7.23235425539315e-05,0.312084197998047,0.566939771175385,0,0,0.016196608543396,0.0949996039271355,0,0,0.0042453920468688,0
114154,10,14,0,0.000153057248098776,0,0.0341141149401665,0.875733196735382,0,0,4.47972452093381e-05,0,0.0637867003679276,0.00577587820589542,0.0203922186046839,0
113858,8,6,0.17689137160778,0.0296578165143728,0.00136908888816833,0.688236773014069,0.0707230269908905,0,0,0.0216192584484816,0.0115026663988829,0,0,0,0
113814,10,1,1.7786707758205e-05,0,0,0.12286501377821,0.645026504993439,0,0,0.0146634411066771,0.180194646120071,0,0.0363256558775902,0.000906933913938701,0
113878,10,16,0,0,0,0.12120483070612,0.66004741191864,0,0,0.0119257234036922,0.20042672753334,0.000562660745345056,0.00234501273371279,0.00348762096837163,0
113939,10,16,0,0,0,0.205736130475998,0.560524225234985,0,0,0.00760231353342533,0.217199593782425,4.26288133894559e-05,0.0074658845551312,0.00142921193037182,0
114284,10,18,0,0,0,0.00687652779743075,0.5650275349617,0,0,0,0.422655761241913,0,0,0.00544006936252117,0
113926,15,18,0,0,0,0.111992619931698,0.257834821939468,0,0,0.00350921112112701,0.609147071838379,0,0.0157893896102905,0.00172688369639218,0
114105,10,1,0.000306583649944514,0.000378596305381507,0,0.13244354724884,0.597906768321991,0,0,0,0.219524741172791,0.0367460213601589,0.00713861873373389,0.00555509375408292,0
114112,15,1,7.85862648626789e-05,0.00159792078193277,0,0.0442979373037815,0.442817181348801,0,0,0.000275051919743419,0.4835344851017,0.0017943864222616,0.0217339172959328,0.00387055752798915,0
114292,10,18,0,0.00449092593044043,0.00124310236424208,0.0640804842114449,0.736057698726654,0,0,0,0.178898558020592,0.00410099374130368,0.0107343029230833,0.000393940892536193,0
114194,10,1,8.96063720574602e-05,0,0,0.175530225038528,0.536704182624817,0,0,0.00336037715896964,0.275966584682465,0.000563240027986467,0.00403508450835943,0.00375066674314439,0
113754,10,5,0.000352697417838499,4.50816223747097e-05,0,0.132332473993301,0.717263400554657,0,0,0.0236863102763891,0.111981809139252,0.000364418054232374,0.00688149966299534,0.0070922845043242,0
114029,10,1,0.000278964347671717,0,0,0.187366738915443,0.417063057422638,0,0,0.00539984926581383,0.369063019752502,0.00160824263002723,0.0167411100119352,0.00247900444082916,0
113688,10,14,0,0,0,0.111341997981071,0.88639360666275,0,0,0.000288595998426899,0,0,0,0.00197577266953886,0
114276,10,6,0,0.000860452419146895,0.000322669657180086,0.0221593882888556,0.682092785835266,0,0,0.00101689831353724,0.235310718417168,0.00100712047424167,0.00940640177577734,0.0478235520422459,0
113800,10,18,0,0,0,0.459360063076019,0.507039248943329,0,0,0.00622115191072226,0.0252815242856741,0,0,0.00209804251790047,0
113767,10,16,0.000636404496617615,0,0,0.130997017025948,0.657465398311615,0,0,0.00361174973659217,0.198505222797394,0.000146862585097551,0.00790302455425262,0.000734312925487757,0
114326,10,1,0.000368898559827358,0,0,0.00660328427329659,0.52340430021286,0,0,0.00351375876925886,0.412294805049896,0.0176086444407701,0.0141738466918468,0.022032467648387,0
114268,15,14,1.23289191833464e-05,0.000104795813967939,0,0.00316137191839516,0.0840862467885017,0,0,1.02740996226203e-05,0.833336591720581,0.0006759351817891,0.0297040082514286,0.0489085130393505,0
113659,10,6,0.120217859745026,0.0073882001452148,0.000206623881240375,0.27536678314209,0.563449323177338,0,0,0.0261436644941568,0.00223742099478841,0,0.00437027821317315,0.000619871658273041,0
114324,10,1,6.70350200380199e-05,0.00094458443345502,0,0.093683548271656,0.669260144233704,0,0,0,0.222148165106773,0.000182822783244774,0.00869826413691044,0.00501543842256069,0
114070,15,5,0,0.000987493898719549,0,0.0163795612752438,0.146907851099968,0,0,0,0.814251899719238,0,0.0194824021309614,0.00199079816229641,0
113925,10,1,0.000133279856527224,0,0,0.103985406458378,0.47856867313385,0,0,0.0213803108781576,0.378826707601547,0,0.0162837691605091,0.000821892463136464,0
113720,10,6,0.0248241629451513,0.000585130823310465,2.16161697608186e-05,0.187183424830437,0.643605053424835,0,0,0.0361527390778065,0.0875569880008698,0.0020754502620548,0.00975539162755013,0.00824008416384459,0
113611,8,10,0.417309015989304,0.0902298390865326,0.019740879535675,0.432086825370789,0.0105375405400991,0,0,0.030095873400569,0,0,0,0,0
114372,10,6,0.000692081463057548,0.00906438659876585,0.000238619963056408,0.113186173141003,0.776628136634827,0,0,0,0.0579519346356392,0.00231980090029538,0.00652955938130617,0.0333893448114395,0
114224,10,16,0,0,0,0.19454750418663,0.74882584810257,0,0,0.00203176611103117,0.0530921667814255,0.000557658495381474,0,0.000945048872381449,0
114143,10,16,0,0,0,0.00745007814839482,0.979006290435791,0,0,0,0,0.000406192266382277,0.00184699497185647,0.0112903779372573,0
114065,15,10,0,0,0,0,0.0543238334357738,0,0,0,0.94567608833313,0,0,0,0
113967,10,18,0,0,0,0.19666188955307,0.630565464496613,0,0,0.0162323135882616,0.149473056197166,0,0.00582995032891631,0.00123726995661855,0
114061,10,16,0.0294579416513443,0,0,0.438449293375015,0.495541900396347,0,0,0.0102205453440547,0.0145552214235067,0.00012361365952529,0.00682333018630743,0.0048281722702086,0
114164,10,14,0,0.00724500045180321,0.000782301416620612,0.399105221033096,0.410146474838257,0,0,0.000149802392115816,0.141387864947319,0.00022192946926225,0.00202618329785764,0.0389352515339851,0
113617,8,14,0.221275433897972,0.150773361325264,0.01812893897295,0.569800496101379,0.0252802260220051,0,0,0.0147415492683649,0,0,0,0,0
114402,10,14,0,0,0,0.107958376407623,0.728330135345459,0,0,0.00325296772643924,0.141986280679703,0.00422023423016071,0.00426399707794189,0.00998798571527004,0
113917,10,16,0.00196540681645274,3.9435806684196e-05,0,0.348919153213501,0.500219345092773,0,0,0.0282674785703421,0.114130698144436,2.62905359704746e-05,0.00428620958700776,0.00214596511796117,0
113931,10,16,0,0,0,0.253782957792282,0.48620480298996,0,0,0.0206153709441423,0.232377678155899,0.000204374853638001,0.00581151200458407,0.00100329471752048,0
114227,10,14,0,0.0159139893949032,0.00115033751353621,0.0315007530152798,0.829780995845795,0,0,0.000100320139608812,0.105437226593494,0.00820456072688103,0.00758413271978498,0.000327712448779494,0
114202,10,14,0,0,0,0.0274748187512159,0.951766729354858,0,0,7.99390982137993e-05,0.0152455279603601,0,0.0023610123898834,0.00307194516062737,0
113774,10,18,0,0,0,0.337311446666718,0.497792065143585,0,0,0,0.164039850234985,0,0,0.000856617058161646,0
113762,10,18,0,0,0,0.225047916173935,0.764215409755707,0,0,0.0062115085311234,0.00341774383559823,0,0,0.00110741576645523,0
113621,10,16,0.0255435612052679,0.0141833005473018,0.000746535952202976,0.25004380941391,0.464054793119431,0,0,0.0669718980789185,0.170453444123268,0.000347330438671634,0.00656421761959791,0.00109109107870609,0
114409,10,16,0,0,0,0.151120364665985,0.686658263206482,0,0,0.0025366700720042,0.158523067831993,1.95863358385395e-05,0,0.00114202697295696,0
113845,8,5,0.038817971944809,9.19607336982153e-05,9.19607336982153e-05,0.605389535427094,0.264105409383774,0,0,0.0342255495488644,0.0534021556377411,0,0,0.00387548794969916,0
114238,10,18,0,0.00809549167752266,0.00225441460497677,0.0674088075757027,0.549155235290527,0,0,0,0.356389969587326,0.00572555745020509,0.0106364591047168,0.0003340499533806,0
114084,15,16,0,0,0,0.0573235116899014,0.281528949737549,0,0,0.00926730874925852,0.627855062484741,0.000319065409712493,0.0149725312367082,0.00873356591910124,0
113806,10,1,0.000195927612367086,0,0,0.419816642999649,0.544266700744629,0,0,0.000946983462199569,0.0341533273458481,0,0,0.00062043743673712,0
113701,10,8,0,0,0,0.47962099313736,0.520379066467285,0,0,0,0,0,0,0,0
113819,10,1,6.12690855632536e-05,0,0,0.0828034728765488,0.69093132019043,0,0,0.0456079430878162,0.154741421341896,0.00272647431120276,0.00813468918204308,0.0149934208020568,0
114171,10,14,0.0409764237701893,0.0104031572118402,0.00320484605617821,0.0976084768772125,0.658125102519989,0,0,2.56221555900993e-05,0.105579771101475,0.0661134049296379,0.0136373313143849,0.00432587414979935,0
113672,10,18,0,0,0,0.164222314953804,0.611447036266327,0,0,0.0141508374363184,0.208925619721413,0,0,0.00125414261128753,0
113979,15,1,8.44767564558424e-05,0,0,0.123560078442097,0.430278360843658,0,0,0.00747665669769049,0.433283686637878,0.000158500464749523,0.00426884787157178,0.000889363698661327,0
113746,10,18,0,0,0,0.434577852487564,0.564251303672791,0,0,0,0,0,0,0.00117082765791565,0
114426,10,1,6.51186928735115e-05,0,0,0.302647024393082,0.68592369556427,0,0,9.76780356722884e-05,0.000940391037147492,0,0.00958809349685907,0.000738011847715825,0
114211,10,18,0,0,0,0.272456526756287,0.635694980621338,0,0,0.00175679824315012,0.0824797302484512,0.000723387522157282,0.00633315742015839,0.000555458304006606,0
114128,10,16,0.000979934702627361,0.00361402635462582,0,0.196306392550468,0.574239492416382,0,0,0.00895640254020691,0.202580943703651,5.8605830417946e-05,0.00956638995558023,0.00369779183529317,0
114248,10,1,3.1633535400033e-05,6.95937778800726e-05,8.85738991200924e-05,0.00665592355653644,0.850699186325073,0,0,0,0.127045229077339,0.00373681867495179,0.00873739738017321,0.00293559208512306,0
114178,10,18,0,0,0,0.218554362654686,0.64211642742157,0,0,0.00518039101734757,0.123694069683552,0,0.00771213416010141,0.00274257641285658,0
114455,10,1,7.53680506022647e-05,0.00119081512093544,0,0.00657209381461143,0.893288612365723,0,0,0,0.057892557233572,0.0140379993245006,0.0085057495161891,0.0184368304908276,0
113743,10,1,0.00027469324413687,0,0.00027469324413687,0.0654719471931458,0.511668622493744,0,0,0.00745821790769696,0.405940800905228,0,0.00829918868839741,0.000611816765740514,0
114229,10,14,0,0,0,0.016460694372654,0.881713032722473,0,0,0.000250957295065746,0.0864486992359161,0.00503390794619918,0.00818106718361378,0.00191170407924801,0
114366,10,5,0,0.00241417670622468,0,0.0441854000091553,0.857774436473846,0,0,0,0.0436302199959755,0.0325410105288029,0.00421892525628209,0.0152358245104551,0
114098,15,5,0,0.000183488198672421,0,0.048579815775156,0.183894321322441,0,0,0.00465060258284211,0.738535583019257,0.00276190647855401,0.0186910573393106,0.00270316866226494,0
114198,10,18,0,0,0,0.159615337848663,0.835210144519806,0,0,0,0,0,0,0.005174505058676,0
113764,15,18,0,0,0,0.263378769159317,0.335597932338715,0,0,0.00948574673384428,0.368990808725357,0,0.0130828460678458,0.00946394074708223,0
113756,8,18,0.153061345219612,0.00285307341255248,0.000227093405555934,0.397451281547546,0.325505912303925,0,0,0.0384399257600307,0.0686213001608849,0,0.0137701658532023,6.98748917784542e-05,0
114058,8,16,0.029870567843318,9.23539992072619e-05,9.23539992072619e-05,0.482063323259354,0.397125959396362,0,0,0.0108814742416143,0.0715576335787773,2.71629396593198e-05,0.00367148709483445,0.00461769988760352,0
114458,10,1,0.000112860310764518,0.000507811259012669,0,0.0325625240802765,0.945849597454071,0,0,0,0.0038257057312876,0.00657851481810212,0.00435565412044525,0.00620731711387634,0
113915,10,16,0.000441788230091333,0,0,0.240025892853737,0.563565969467163,0,0,0.0058720838278532,0.182320699095726,0.000129246735014021,0.00321069802157581,0.00443362491205335,0
114271,10,14,0,0,0,0.0643559545278549,0.698163449764252,0,0,0.000494271283969283,0.199945151805878,0.0209701154381037,0.0101951593533158,0.00587589666247368,0
114442,10,6,0.00511737959459424,0.005705825984478,0.000388794753234833,0.18594528734684,0.718936681747437,0,0,0.00542995566502213,0.0663691833615303,0,0.00908059533685446,0.00302629428915679,0
113697,10,18,0,0,0,0.102552153170109,0.895817577838898,0,0,0.00145642331335694,0,0,0,0.000173901295056567,0
114201,10,1,0.000189018435776234,0,0,0.125360041856766,0.701933324337006,0,0,0.00347793940454721,0.150266647338867,0,0.0155596677213907,0.00321331340819597,0
113640,8,14,0.00161293707787991,0,0,0.501910269260406,0.48995640873909,0,0,0.000308860297081992,0,0,0,0.00621152343228459,0
113783,8,18,0,0,0,0.516763210296631,0.43873929977417,0,0,0.00109229306690395,0.043013621121645,0,0,0.000391576759284362,0
114412,15,18,0,0,0,0.0435463413596153,0.350039660930634,0,0,0.0175079200416803,0.580711185932159,0,0.00613296078518033,0.00206196052022278,0
113770,10,16,0,0,0,0.267817109823227,0.665654838085175,0,0,0.00103330030106008,0.0639501437544823,3.20937579090241e-05,3.80321944248863e-05,0.00147448480129242,0
113782,10,18,0,0,0,0.277924090623856,0.620373547077179,0,0,0.000548507377970964,0.100788205862045,0,0,0.000365671585313976,0
113663,1,6,0.618106722831726,0.0050024832598865,0.000133153036586009,0.127442643046379,0.186093285679817,0,0,0.0372840724885464,0.0124427434056997,0,0.0134948864579201,0,0
114000,10,1,6.59150537103415e-05,0,0,0.15628270804882,0.453238606452942,0,0,0.00369029818102717,0.375928729772568,0,0.00814887322485447,0.00264484132640064,0
113755,10,18,0,0,0,0.132876560091972,0.738518595695496,0,0,0.00521375378593802,0.119100823998451,0,0.00340165733359754,0.000888615264557302,0
114041,10,18,0,0,0,0.0962559655308723,0.518075048923492,0,0,0.00562007771804929,0.357464075088501,0.00270812958478928,0.0198066085577011,7.01019453117624e-05,0
113908,10,14,0.000242462367168628,0,0,0.143083289265633,0.855631351470947,0,0,7.07858343957923e-05,0,0,0.00010340845619794,0.000868631002958864,0
114279,10,1,3.13286836899351e-05,0,0,0.0138629898428917,0.584247291088104,0,0,0.00112783256918192,0.34937310218811,0.00429283222183585,0.016191903501749,0.0308727044612169,0
114161,10,16,0,0,0,0.0199265070259571,0.964008212089539,0,0,0,0,0.00220477767288685,0,0.0138605302199721,0
114051,8,6,0.0129215465858579,0,7.6048330811318e-05,0.755598783493042,0.142173141241074,0,0,0.00882160663604736,0.0707976594567299,0,0.00453125312924385,0.005080028437078,0
114170,10,5,0,0.000843449146486819,0,0.109104111790657,0.827819049358368,0,0,0,0.0429668501019478,0.00508398795500398,0.00907357223331928,0.00510900095105171,0
113953,10,1,8.56892220326699e-05,0,0,0.080858089029789,0.544113397598267,0,0,0.0166138540953398,0.349292457103729,0.000115695358545054,0.00871253479272127,0.000208251643925905,0
114245,10,16,0,0,0,0.0165788400918245,0.780741810798645,0,0,0,0.180346548557281,5.54150428797584e-05,0.016529930755496,0.00574745144695044,0
113753,10,16,0,0,0,0.323104500770569,0.500249326229095,0,0,0.00498993042856455,0.160697042942047,5.59409272682387e-05,0.00958304852247238,0.00132020586170256,0
113631,10,6,0.00804628431797028,0.00128287100233138,0.0003362865827512,0.285299688577652,0.426358699798584,0,0,0.0880460515618324,0.177326843142509,0,0.0112484563142061,0.00205483380705118,0
114265,10,14,0,0,0,0.0280052777379751,0.92924839258194,0,0,0.00171313411556184,0,0.00773225445300341,0.0130142383277416,0.020286712795496,0
114188,10,1,0.000136467773700133,0,0,0.204611480236053,0.555277764797211,0,0,0.00966439954936504,0.224842488765717,0,0.00449971621856093,0.000967680593021214,0
114189,10,14,0,0,0,0.216098770499229,0.78295111656189,0,0,0.000372169801266864,0,0,0,0.000577932049054652,0
113730,10,18,0,0,0,0.354595065116882,0.633075594902039,0,0,0,0,0,0,0.012329381890595,0
114047,10,17,0,0,0,0.165165364742279,0.383177816867828,0,0,0.35274076461792,0,0,0.0989160537719727,0,0
113644,8,14,0,0,0,0.565160393714905,0.421188503503799,0,0,0.00249456381425261,0,0,0,0.0111565412953496,0
114046,10,15,0.134999588131905,0.148488596081734,0.0287335216999054,0.205798625946045,0.393231719732285,0,0,0.0614373534917831,0.00106528913602233,0.0142893185839057,0.00692318193614483,0.00503277126699686,0
114447,10,14,0,0,0,0.0125881265848875,0.9116370677948,0,0,6.17098339716904e-05,0.0245924964547157,0.0149792954325676,0.00371365062892437,0.032427653670311,0
113723,10,18,0,0,0,0.225849539041519,0.520656824111938,0,0,0.00204146793112159,0.247419402003288,0,0.00383453466929495,0.000198200767044909,0
114277,10,14,0,0.000474993110401556,0.00109964516013861,0.0535749495029449,0.784811675548553,0,0,0.000147021681186743,0.132658690214157,0.017635565251112,0.00833538267761469,0.00126199901569635,0
113883,8,18,0.144649609923363,0.0427742041647434,0.00851190369576216,0.704278171062469,0.0318243876099586,0,0,0.0645225420594215,0.00126162788365036,0,0.00213450053706765,4.30587606388144e-05,0
113748,10,1,0.000165874007507227,0,0,0.178192734718323,0.703594326972961,0,0,0.012813862413168,0.0973218977451324,0.000738893344532698,0.00175132334697992,0.00542106432840228,0
114330,15,1,6.34054813417606e-05,0,0,0.0855290740728378,0.387182146310806,0,0,0,0.505513846874237,0,0.0192296132445335,0.00248187151737511,0
114021,10,1,0.000295722857117653,0,0,0.174985215067863,0.460084050893784,0,0,0.00408097542822361,0.352945685386658,0,0.0042370967566967,0.00337124057114124,0
113710,10,5,0.0147008690983057,0.000245266826823354,0,0.1817317456007,0.726575255393982,0,0,0.0203213430941105,0.0492691062390804,0.00371212582103908,0.00279338750988245,0.000650900416076183,0
113653,8,14,0,0,0,0.737678110599518,0.249495878815651,0,0,0.00210738577879965,0,0,0,0.0107186371460557,0
114370,10,16,0.0027087137568742,0.0218091271817684,0.00148979260120541,0.248036742210388,0.502364337444305,0,0,0,0.202468112111092,0.000162522832397372,0.0202563460916281,0.000704265607055277,0
114132,10,16,0,0,0,0.104984633624554,0.870550155639648,0,0,0.000449992308858782,0.00234048441052437,0.000292283657472581,0.00788058713078499,0.0135018480941653,0
114096,10,18,0,0,0,0.00593651551753283,0.733635723590851,0,0,0,0.141650557518005,0.104542478919029,0.0122039094567299,0.00203087204135954,0
114015,10,18,0,0,0,0.0814684554934502,0.581208527088165,0,0,0.0021887228358537,0.331094175577164,0,0.0038998406380415,0.000140302741783671,0
114077,15,18,0,0,0,0.0867702886462212,0.113543346524239,0,0,0.00524787325412035,0.774341464042664,0,0.019464947283268,0.000632096780464053,0
113964,10,16,0,0,0,0.151436075568199,0.479199379682541,0,0,0.00340926181524992,0.352800130844116,8.79719882505015e-05,0.0125376842916012,0.000529445067513734,0
113693,8,1,0.000100140416179784,0,0,0.471058875322342,0.391236126422882,0,0,0.00489551294595003,0.128842353820801,0,0.00306584499776363,0.000801123329438269,0
114156,15,5,0,0.000648377579636872,0,0.0588641315698624,0.118312679231167,0,0,0.000778053130488843,0.779898345470428,0.00161662150640041,0.0321637243032455,0.00771800521761179,0
113831,8,18,0.0390205942094326,0.00649527087807655,0,0.692699134349823,0.20809406042099,0,0,0.0154757900163531,0.0321292616426945,0,0.00598469935357571,0.000101205259852577,0
114300,10,5,0,0.000256957981036976,0,0.0480292029678822,0.647423565387726,0,0,0,0.289371430873871,0.00108623143751174,0.0116134444251657,0.00221918267197907,0
113864,8,6,0.0265720337629318,0.00111551489681005,0.000415075308410451,0.610457241535187,0.261304527521133,0,0,0.0195011831820011,0.0741876065731049,0,0.00524051580578089,0.00120631256140769,0
114089,15,6,0.0140929752960801,0.000770145212300122,6.20759019511752e-05,0.335079878568649,0.252535969018936,0,0,0.0038611211348325,0.371257573366165,0.01209522690624,0.00988611485809088,0.000358959339791909,0
114250,15,1,9.99447584035806e-05,0.0271278582513332,0.00753822224214673,0.168366283178329,0.276770710945129,0,0,0.0002748480765149,0.507919311523438,0.000487230689032003,0.010116383433342,0.00129928183741868,0
114023,15,16,0,0,0,0.159623175859451,0.363766431808472,0,0,0.00594030227512121,0.457451015710831,7.79908441472799e-05,0.0125041715800762,0.000636925222352147,0
114064,10,18,0,0,0,0.0976075828075409,0.82947838306427,0,0,0.00195596227422357,0.0666709169745445,0,0.00397834135219455,0.000308836140902713,0
114259,15,16,0,0.0647440478205681,0.00568039203062654,0.133707404136658,0.170630738139153,0,0,0,0.600108861923218,9.29005836951546e-05,0.0250356253236532,0,0
113854,10,18,0,0,0,0.0631825625896454,0.891215324401855,0,0,0.00475773634389043,0.0298220328986645,0,0.00947118829935789,0.00155124650336802,0
113791,10,1,0.000141775381052867,0,0,0.248854160308838,0.737981855869293,0,0,0.00701859127730131,0.0030989998485893,0,0.00290461862459779,0,0
114221,10,6,0,0.000271087599685416,9.03625332284719e-05,0.0048976493999362,0.974862396717072,0,0,0.00276509346440434,0,0.00211448315531015,0.00536620151251554,0.00963264610618353,0
113860,10,18,0,0,0,0.0645722895860672,0.855810880661011,0,0,0.0138279516249895,0.0634363368153572,0,0,0.00235259882174432,0
114080,10,1,0.000735137262381613,0,0,0.24610298871994,0.366934955120087,0,0,0.00109520449768752,0.350805401802063,0.0195357035845518,0.0126602156087756,0.00213039782829583,0
114328,15,16,0,0,0,0.00393777061253786,0.147740259766579,0,0,0.00166589545551687,0.803669333457947,0.000106333754956722,0.0286138132214546,0.0142666306346655,0
113614,10,6,0.0249856803566217,0.00335368420928717,0.000223102208110504,0.24087281525135,0.486089557409286,0,0,0.0442563891410828,0.194292485713959,0,0.00592624163255095,0,0
113694,8,18,0.240436121821404,0.0119399838149548,0.000353511044522747,0.403137624263763,0.274894863367081,0,0,0.0581029616296291,0.00206524855457246,0,0.00895807519555092,0.000111635061330162,0
114119,10,18,0.013300440274179,0.0131577746942639,0.00274213217198849,0.42663699388504,0.439388275146484,0,0,0.0152978580445051,0.0835797116160393,0,0.00548242917284369,0.000414417096180841,0
114173,10,18,0.136625662446022,0.0859203636646271,0.0269994270056486,0.155015334486961,0.467889815568924,0,0,0,0.101284168660641,0.0059571135789156,0.0193444211035967,0.000963657221291214,0
114055,10,14,0,0,0,0.00673882942646742,0.956855356693268,0,0,0.00102116400375962,0.00494646281003952,0.0158074125647545,0.00207845866680145,0.012552285566926,0
114052,15,18,0,0,0,0.16676664352417,0.365310817956924,0,0,0.00963069126009941,0.455585718154907,0,0,0.00270614447072148,0
114056,15,17,0,0,0,0.0309039074927568,0.210702210664749,0,0,0.0074811284430325,0.748920440673828,0,0.00199232739396393,0,0
114031,8,18,0.0509973503649235,0,0.000251051620580256,0.476255565881729,0.128212928771973,0,0,0.00461934972554445,0.320351392030716,0.00178218784276396,0.0173158757388592,0.000214227999094874,0
114081,10,18,0.00210208678618073,0,0,0.261112987995148,0.412306755781174,0,0,0,0.284898072481155,0.0261352490633726,0.0132453292608261,0.000199537957087159,0
114289,15,5,0,3.73712537111714e-05,0,0.000841226021293551,0.0053045810200274,0,0,0.000306444300804287,0.931902885437012,0.000881961605045944,0.0348495133221149,0.0258760042488575,0
114349,10,14,0,0,0,0.0115619795396924,0.585818290710449,0,0,0.00102876732125878,0,0.0269501861184835,0,0.374640822410583,0
114183,10,18,0,0,0,0.0223850719630718,0.965285956859589,0,0,0,0,0,0,0.012328976765275,0
113900,10,18,0,0,0,0.385656177997589,0.612913906574249,0,0,0.00116571225225925,0,0,0,0.000264183734543622,0
113673,1,6,0.616258978843689,0.0289162509143353,0.00115028629079461,0.337492704391479,0.0093603078275919,0,0,0.00682146474719048,0,0,0,0,0
114359,10,14,0,0,0,0.0220230631530285,0.958771407604218,0,0,0.000254258833592758,0,0.0113477166742086,0,0.00760354800149798,0
114063,10,18,0.0018043986056,0,0,0.357655346393585,0.582287490367889,0,0,0.00210983771830797,0.0544388294219971,0,0,0.00170409970451146,0
114176,1,16,0.312744408845901,0.049307607114315,0.0451103262603283,0.273056715726852,0.182639002799988,0,0,0,0.110867843031883,9.9602599220816e-05,0.0200156923383474,0.00615876074880362,0
114044,10,1,0.00131937849801034,0.007716606836766,0.00391815416514874,0.241307005286217,0.722110748291016,0,0,0.0157403573393822,0.00463781505823135,0,0.00324993836693466,0,0
114151,10,5,0,0.000324747583363205,0,0.00635252008214593,0.790811717510223,0,0,0,0.12213221937418,0.0707933306694031,0.00622978201135993,0.00335572496987879,0
114035,10,18,0,0,0,0.218157947063446,0.466663092374802,0,0,0.000645929481834173,0.300503492355347,0,0.0136503707617521,0.000379243429051712,0
114030,1,5,0.555925190448761,0.025912256911397,0.127371251583099,0.170695051550865,0,0,0,0,0,0.120096273720264,0,0,0
113635,15,18,0,0,0,0.0104402601718903,0.0992900133132935,0,0,0.00657994719222188,0.862414062023163,0,0.0209636855870485,0.00031206026324071,0
114069,15,16,0,0,0,0.0126344403252006,0.18505622446537,0,0,0.0233318265527487,0.758552849292755,0.000588857103139162,0.0148501861840487,0.00498565705493093,0
114088,10,17,0,0,0,0.0463044978678226,0.665039658546448,0,0,0.109139584004879,0.110702991485596,0.0328644141554832,0.00922771263867617,0.0267211049795151,0
114213,15,16,0,0,0,0.0705839097499847,0.422744274139404,0,0,0.0136205786839128,0.459411025047302,0.00321904383599758,0.0117381922900677,0.0186829585582018,0
114230,15,5,0,3.53539544448722e-05,0,0.0243440717458725,0.106249906122684,0,0,0.00426242779940367,0.810535073280334,0.000530309334862977,0.0216049160808325,0.0324379727244377,0
114240,10,1,1.84487562364666e-05,0,0,0.0330958887934685,0.669115006923676,0,0,0.00234529818408191,0.258156687021255,0.00685498304665089,0.00913267862051725,0.0212809946388006,0
114258,15,5,0,0.000354817806510255,0,0.00540763139724731,0.194503426551819,0,0,0,0.726118683815002,0.0012325249845162,0.022147735580802,0.0502352453768253,0
114294,15,16,0,0.00201786844991148,0,0.00371437333524227,0.0106781050562859,0,0,0,0.892417550086975,0.000385768944397569,0.0304033122956753,0.0603830330073833,0
114299,15,1,4.7437621105928e-05,0.000276719452813268,0,0.0150470538064837,0.3802130818367,0,0,0,0.541099905967712,0.000142312856041826,0.0185110159218311,0.044662494212389,0
114309,15,14,0,7.46090590837412e-05,0,0.00106889160815626,0.0277226325124502,0,0,4.42991295130923e-05,0.889889419078827,0.00106673070695251,0.0383165813982487,0.0418167896568775,0
114313,15,5,0,1.50210398714989e-05,0,0.00990473572164774,0.434467941522598,0,0,0.00201375805772841,0.482677400112152,0.00204049237072468,0.0183309968560934,0.0505497269332409,0
114322,10,8,0,0,0,0.00246569514274597,0.663506746292114,0,0,0,0.243616059422493,0.00756568647921085,0.014554931782186,0.0682909041643143,0
114388,15,16,0,0,0,0.00205544382333755,0.0738124400377274,0,0,0.00408119428902864,0.888559103012085,0.00053448136895895,0.028060520067811,0.00289675709791481,0
114417,10,1,6.26254113740288e-05,0,0,0.165963515639305,0.566744744777679,0,0,0.0210131797939539,0.236707985401154,0.000260389875620604,0.0047187595628202,0.00452880607917905,0
