hru_nhm,majority,minority,frac_1,frac_5,frac_6,frac_8,frac_10,frac_14,frac_15,frac_16,frac_17,frac_18,frac_19
113602,15,1,0.00101038033608347,0,0,0.0659794062376022,0.298724859952927,0,0.578324913978577,0.00350191514007747,0.0285095386207104,0.0239489804953337,0
113598,15,16,0,0,0,0.0352692417800426,0.23542158305645,0,0.66787976026535,0.00297447526827455,0.0167872998863459,0.0416675917804241,0
113588,10,16,0,0,0,0.0548857338726521,0.640738189220428,0,0.26358038187027,0.0105035752058029,0.0139387473464012,0.0163533557206392,0
113584,10,1,0.000141980097396299,0,0,0.0333154201507568,0.51066255569458,0,0.369738727807999,0.023880722001195,0.0164470113813877,0.0458135418593884,0
113577,10,18,0,0,0,0.0555309951305389,0.714521944522858,0,0.200747802853584,0,0.0181195195764303,0.0110797369852662,0
113579,15,1,0.000784313713666052,0,0,0.105362959206104,0.292372316122055,0,0.552076697349548,0.00260690948925912,0.0195629559457302,0.0272338967770338,0
113585,15,14,0.000521793030202389,0,0,0.291612982749939,0.135323211550713,4.33850400440861e-05,0.521698176860809,0.00134986161720008,0.0302125811576843,0.0192379765212536,0
113553,15,1,0.00110527570359409,0,0,0.245488569140434,0.284136861562729,0,0.397924959659576,0.00328940572217107,0.036025732755661,0.0320291705429554,0
113552,15,14,0.00064419157570228,0,0,0.0751445963978767,0.116606093943119,2.61158729699673e-05,0.606723427772522,0.000815713603515178,0.0263480432331562,0.173691868782043,0
113545,15,1,0.000397266267100349,0,0,0.342098981142044,0.15290504693985,0,0.428226262331009,0.00293589476495981,0.0350496470928192,0.0383868589997292,0
113550,15,16,0.00052655691979453,0,0,0.360115230083466,0.0903525426983833,0,0.507481932640076,9.22104809433222e-05,0.0221010651439428,0.0193304307758808,0
113530,15,16,0,0,0,0.218967214226723,0.293628841638565,0,0.435677826404572,0.000248432508669794,0.0328131653368473,0.0186645686626434,0
113532,15,1,0.000135193506139331,0,0,0.140910938382149,0.0549529008567333,0,0.742311775684357,0.00128433830104768,0.0302271284162998,0.0301777329295874,0
113525,8,16,0.00181643979158252,0,0,0.426015943288803,0.303508937358856,0.000771498598624021,0.213331922888756,0.000312505755573511,0.0225770007818937,0.0316657535731792,0
113527,15,6,0.00307556381449103,0,7.96976091805845e-05,0.289165794849396,0.202368661761284,0.00466940272599459,0.440923899412155,0.000226831660256721,0.0255250502377748,0.0339650250971317,0
113515,10,16,0.00881836656481028,0.0146039081737399,0.00269809807650745,0.278375595808029,0.601033210754395,0.0423681810498238,0.0411443971097469,0.000679552205838263,0.00278802821412683,0.00749059487134218,0
113518,10,16,0.050210926681757,0.101546332240105,0.0147232552990317,0.361922234296799,0.369305074214935,0.00650217290967703,0.0634972229599953,0.000263124646153301,0.0137054696679115,0.0183242317289114,0
113513,10,18,0.0561133213341236,0.318823546171188,0.0506969317793846,0.045880563557148,0.447300374507904,0.0402346402406693,0.0120370639488101,0,0.0192364547401667,0.0096770916134119,0
113510,5,15,0.0601021274924278,0.390320330858231,0.0657307431101799,0.0657439157366753,0.272067755460739,0.0221837740391493,0.0175011325627565,0,0.0191958267241716,0.0871544256806374,0
113500,5,8,0.0242235045880079,0.287676930427551,0.0921570509672165,0.00381649355404079,0.138850018382072,0.15284226834774,0.00546269211918116,0,0.0736469477415085,0.221324101090431,0
113497,10,15,0.223268106579781,0.115992814302444,0.0331557095050812,0.0934325233101845,0.318347215652466,0.00489719584584236,7.2762748459354e-05,0.110770754516125,0.0225417856127024,0.0775211527943611,0
113506,1,15,0.523337304592133,0.0744759142398834,0.0365131907165051,0.191231995820999,0.0240725129842758,0.00647983280941844,0.000202565817744471,0.134500458836555,0.00312637467868626,0.00537866493687034,0.000681192672345787
113547,15,1,0.000161281655891798,0,0,0.150880709290504,0.107537239789963,0,0.68828421831131,0.00103220262099057,0.0503065586090088,0.00179785001091659,0
113543,8,16,0.00155541056301445,0,0,0.485431313514709,0.247545853257179,0,0.156279876828194,0.000130335247376934,0.106150783598423,0.00290647591464221,0
113490,1,15,0.356840908527374,0.00754341064020991,0.0220948588103056,0.202409401535988,0.160686880350113,0.00210562138818204,0.000357781129423529,0.180659085512161,0.00384384510107338,0.05319694429636,0.0102613037452102
113503,1,6,0.859883785247803,0.0825496837496758,0.000241606874624267,0.0100541152060032,0.0421473532915115,0,0,0,0.00366660626605153,0.00145684729795903,0
113538,8,6,0.104301199316978,0,3.69156805390958e-05,0.680125176906586,0.165840551257133,0,0.0177107453346252,0.000412028224673122,0.0186789650470018,0.0128943817690015,0
113501,1,15,0.480796545743942,0.0672813132405281,0.0290152784436941,0.168279230594635,0.0215535201132298,0.00080211745807901,7.38792368792929e-05,0.149223357439041,0,0.0826370790600777,0.000337733654305339
113540,8,17,0,0,0,0.503855168819427,0.347570359706879,0,0.146639928221703,0,0.00193454336840659,0,0
113512,1,15,0.417709052562714,0.124762773513794,0.0719259530305862,0.158837109804153,0.029492799192667,0.00104590284172446,8.48029376356862e-05,0.188856467604637,0.00238352688029408,0.00490160938352346,0
113597,15,16,0,0,0,0.0432544127106667,0.158279359340668,0,0.75982528924942,0.000172286381712183,0.0194969791918993,0.0189716499298811,0
113571,15,16,0,0,0,0.0400697104632854,0.0953864678740501,0,0.807133078575134,0.000550362514331937,0.0552223362028599,0.00163798371795565,0
113589,15,16,0,0,0,0.0686521232128143,0.143242657184601,0,0.761282026767731,6.49169960524887e-05,0.0212352685630322,0.00552300177514553,0
113496,8,14,0.159668564796448,0.031416367739439,0,0.498803496360779,0.0403460897505283,0.00601252540946007,0,0.126142457127571,0,0.137610495090485,0
113498,1,15,0.398476481437683,0.0117911417037249,0.0120415603742003,0.289447098970413,0.01254125777632,0.000416825263528153,0.000366201304132119,0.253131538629532,0,0.0205381792038679,0.00124969659373164
113533,8,1,0.000543410715181381,0,0,0.42068800330162,0.18485714495182,0,0.361593097448349,0,0.0166367925703526,0.0156815759837627,0
113523,1,15,0.496704787015915,0.158945575356483,0.0630599930882454,0.218947902321815,0.0191966854035854,0.00238387449644506,0.000398895324906334,0.0329357050359249,0.00638872478157282,0.00103782571386546,0
113494,1,6,0.420566648244858,0.00338045391254127,0.000457572808954865,0.266092836856842,0.00268233101814985,0.00151051476132125,0,0.237667545676231,0,0.0571708008646965,0.0104712434113026
113582,15,16,0,0,0,0.0896613746881485,0.158861741423607,0,0.721620798110962,3.2943829864962e-05,0.0283076278865337,0.00151551293674856,0
113492,16,14,0.337401419878006,0.00126820988953114,0.0295995566993952,0.282277941703796,0.00546776922419667,0.000178698552190326,0,0.338862866163254,0,0.00194526393897831,0.00299831666052341
113656,15,6,0.000524521979968995,0.000354823685484007,0.00017675464914646,0.0781273394823074,0.338434189558029,0.0275315754115582,0.529569506645203,0.00220607756637037,0.0116765834391117,0.0113986451178789,0
113683,15,1,5.79089974053204e-05,0.000758912647143006,0,0.0693116337060928,0.177805036306381,0.0417860299348831,0.685366630554199,0.000211689563002437,0.0217423886060715,0.00295972474850714,0
113696,15,1,0.000647799228318036,0,0,0.0991481095552444,0.117911644279957,0.139268279075623,0.5320063829422,0,0.108010716736317,0.00300707598216832,0
113703,15,8,0,0,0,0.00610011396929622,0.133416339755058,0.280094563961029,0.546338319778442,0,0.0274285320192575,0.00662211375311017,0
113680,15,16,0,0,0,0.130401939153671,0.177341133356094,0.147304445505142,0.497328966856003,0.00137550628278404,0.0462480410933495,0,0
113736,10,6,0.000404966936912388,9.78029856923968e-05,4.44559045718051e-05,0.0729617923498154,0.533933162689209,0.0627364739775658,0.308524191379547,0.000755602377466857,0.0192345082759857,0.00130700354930013,0
113707,10,5,0.000304391840472817,2.28293883992592e-05,0,0.40656977891922,0.427079647779465,0.0266845487058163,0.129882097244263,5.32685735379346e-05,0.00635564513504505,0.00304772332310677,0
113771,10,16,0.00236686156131327,0.0015416854294017,0.000418752431869507,0.0419633500277996,0.444962829351425,0.0518309436738491,0.423102200031281,0.00015475632972084,0.0302071440964937,0.00345151056535542,0
113790,10,16,0.000532838748767972,0.00196697912178934,0,0.213873744010925,0.434340745210648,0.0462910458445549,0.287762880325317,0.000145707701449282,0.0098727885633707,0.00521324202418327,0
113813,10,6,0.000947471125982702,0.00171982718165964,6.91584718879312e-05,0.155876770615578,0.40885129570961,0.124606445431709,0.260558575391769,0.0071164071559906,0.0183949954807758,0.0218591075390577,0
113816,15,8,0,0,0,0.0302988048642874,0.0858086720108986,0.176934197545052,0.505160331726074,0,0.0492657162249088,0.152532309293747,0
113824,10,18,0.00847297254949808,0,0,0.27391105890274,0.409704715013504,0.045842956751585,0.230741202831268,0.0110870050266385,0.0191341955214739,0.00110589514952153,0
113866,15,1,0.000102582103863824,0.000471877690870315,0,0.0397638753056526,0.353036761283875,0.075176827609539,0.48939436674118,0.0016481737839058,0.0254475045949221,0.0149580119177699,0
113874,10,16,0,0,0,0.0649039968848228,0.598457813262939,0.0489480011165142,0.277386039495468,0.000330737791955471,0.00299142533913255,0.00698201451450586,0
113899,10,18,0,0,0,0.0475909896194935,0.514740347862244,0.0273837838321924,0.376735270023346,0,0.0241902265697718,0.00935938861221075,0
113897,18,10,0,0,0,0.339261114597321,0.293612420558929,0,0,0,0,0.367126494646072,0
113934,10,1,3.73732291336637e-05,0,0,0.310497373342514,0.553339779376984,0.0366919673979282,0.0849741771817207,0.000493326573632658,0.00416343426331878,0.00980257615447044,0
113916,8,14,0,0,0,0.499011367559433,0.442646622657776,0.00566500471904874,0,0,0.0190139450132847,0.0336630418896675,0
113905,10,17,0,0,0,0.425990223884583,0.536038458347321,0.012968092225492,0.0102258082479239,0,0.00544006424024701,0.00933739729225636,0
113859,10,16,0,0,0,0.147384986281395,0.548747658729553,0.0195295531302691,0.232042193412781,0.00370755605399609,0.041403878480196,0.00718417158350348,0
113844,10,1,8.47323753987439e-05,0,0,0.158483907580376,0.489598363637924,0.0306262671947479,0.300037056207657,0.000258433748967946,0.018337294459343,0.0025739623233676,0
113876,10,16,0,0,0,0.174166262149811,0.5791335105896,0.128304421901703,0.0839286744594574,0.000103536869573873,0.0169932749122381,0.0173702631145716,0
113938,10,16,9.14347983780317e-05,0,0,0.186991482973099,0.628854691982269,0.0290371142327785,0.142497688531876,5.02891380165238e-05,0.0117086684331298,0.000768695957958698,0
113879,14,8,0,0,0,0.0380810648202896,0.314853221178055,0.462326228618622,0,0,0,0.184739485383034,0
113890,10,16,0,0,0,0.147128045558929,0.664059460163116,0.115627482533455,0.0423210002481937,0.000219585024751723,0.0111534493044019,0.0194909628480673,0
113892,10,1,0.000299683684716001,0,0,0.149244487285614,0.587821125984192,0.121140286326408,0.122397795319557,0,0.0144681576639414,0.00462844781577587,0
113910,14,16,0,0,0,0.0991641283035278,0.333925604820251,0.345906615257263,0.201458901166916,0.000456417794339359,0.0141915064305067,0.00489684427157044,0
113924,10,5,0.00015172953135334,5.960803173366e-05,0,0.142349973320961,0.483722776174545,0.119246281683445,0.238542035222054,0.000576913880649954,0.0100458236411214,0.00530485343188047,0
114002,10,16,0.000207259072340094,0,0,0.200197383761406,0.707170903682709,0.0223578810691833,0.0603556111454964,0.000119749689474702,0.00271936762146652,0.0068717896938324,0
113952,10,16,0,0,0,0.176127180457115,0.362969160079956,0.0670272037386894,0.34879606962204,0.00126792560331523,0.034089308232069,0.00972313247621059,0
113928,15,8,0,0,0,5.31685545865912e-05,0.0778282582759857,0,0.874207079410553,0,0.0477440506219864,0.000167432255693711,0
114007,10,16,0,0,0,0.13635165989399,0.713960409164429,0.0185466799885035,0.118144065141678,0.000264229660388082,0.0121093550696969,0.000623581989202648,0
113948,10,16,0,0,0,0.157316952943802,0.492712110280991,0.0146227050572634,0.329144507646561,7.29803432477638e-05,0.00440782820805907,0.00172290380578488,0
113971,10,1,1.65337369253393e-05,0,0,0.118143133819103,0.512261629104614,0.0243379473686218,0.326482117176056,0.000904814805835485,0.0120224803686142,0.00583128165453672,0
113973,15,14,0,0,0,0.096489816904068,0.307940483093262,0.00814879406243563,0.549489915370941,0,0.0291554536670446,0.00877562910318375,0
113970,10,17,0,0,0,0.236104875802994,0.34535476565361,0.0489745587110519,0.301561713218689,0,0.0186945758759975,0.0493095330893993,0
113975,10,18,0,0,0,0.194172367453575,0.346474975347519,0.10845123976469,0.232466459274292,0,0.0665213391184807,0.0519135929644108,0
114394,15,1,1.99317382794106e-05,0,0,0.248576149344444,0.240282446146011,0.0107159130275249,0.478658348321915,0.000272405188297853,0.0190103407949209,0.00246445438824594,0
114428,10,6,0.000210486410651356,0.00383699196390808,4.8236470320262e-05,0.42871305346489,0.538164377212524,0.00738842925056815,0.0158427692949772,0.004241275601089,0.00112026429269463,0.000434128247434273,0
113994,10,16,0,0,0,0.281467527151108,0.342320680618286,0.0131503120064735,0.326485067605972,0.000892956450115889,0.0122116645798087,0.0234718061983585,0
113993,15,18,0,0,0,0.187560364603996,0.350689500570297,0.0336658246815205,0.403265088796616,0,0.0138205867260695,0.0109986122697592,0
113989,10,18,0.0058248108252883,0,0,0.228098124265671,0.463905274868011,0.0314754247665405,0.235154375433922,0,0.0307620745152235,0.0047798827290535,0
114020,10,16,0,0,0,0.166194915771484,0.309277236461639,0.045504417270422,0.269073873758316,0.000156499416334555,0.188202664256096,0.0215903837233782,0
114385,15,16,0,0,0,0.149633377790451,0.33180758357048,0.0369288809597492,0.443949282169342,0.000522922491654754,0.0237507782876492,0.0134071707725525,0
113639,15,16,0,0,0,0.0646536722779274,0.199706926941872,0.00603383686393499,0.701690316200256,6.32112423772924e-05,0.0194165334105492,0.00843551754951477,0
114390,15,16,0,0,0,0.0312438458204269,0.264355540275574,0.0150286694988608,0.615579962730408,0.00201256782747805,0.0175530947744846,0.0542262941598892,0
113741,15,6,0.00204841629602015,0.000840557040646672,4.23810270149261e-05,0.177604600787163,0.262195318937302,0.0482751987874508,0.490970134735107,0.000134206595248543,0.0171920247375965,0.000697148556355387,0
114032,15,18,0,0,0,0.0546050332486629,0.37933674454689,0.00899744220077991,0.512488961219788,0.0170271005481482,0.0192755684256554,0.00826910603791475,0
114218,10,1,0.000107119463791605,0.00023379095364362,0.000401697965571657,0.064561553299427,0.660114109516144,0.00644428050145507,0.123026430606842,0.135330736637115,0.00732113281264901,0.00245915120467544,0
113832,15,16,0,0,0,0.0507885441184044,0.240673735737801,0.112533368170261,0.570849657058716,0.000400296528823674,0.0171652417629957,0.00758912321180105,0
113884,10,1,6.32528826827183e-05,0,0,0.12342968583107,0.685505509376526,0.0357405692338943,0.14491306245327,0,0.00963942613452673,0.000708432286046445,0
113872,10,5,0.000105044484371319,0.000104447812191211,0,0.0734567493200302,0.809130609035492,0.00883729569613934,0.102039128541946,0.000196801076526754,0.00341654173098505,0.00271336128935218,0
113919,8,18,0.00018498269491829,0,0,0.580042898654938,0.409221291542053,0.00176024425309151,0.00239057838916779,0,0.00637901714071631,2.10265170608182e-05,0
114222,10,16,0,0.00347858387976885,0.00934687349945307,0.0510827749967575,0.474157005548477,0.0555363409221172,0.30491703748703,7.3599869665486e-07,0.101480640470982,0,0
114237,10,5,0,0.00105100544169545,0,0.0243411455303431,0.827104389667511,0.00193684815894812,0.111754424870014,0.00955875124782324,0.0120947305113077,0.012158690020442,0
114001,10,16,0,0,0,0.122385829687119,0.726440966129303,0.00747867533937097,0.136102929711342,0.000311683572363108,0.00555187044665217,0.00172802282031626,0
113966,10,1,0.000235828090808354,0,0,0.239785075187683,0.575176179409027,0.014806168153882,0.164908021688461,0,0.00372851802967489,0.001360222697258,0
113956,10,16,0.0158268138766289,0,0.00126042775809765,0.288462609052658,0.668764650821686,0.0102015575394034,0.0106451753526926,7.79646070441231e-05,0.00113546941429377,0.00362535403110087,0
114257,10,1,2.80612766800914e-05,0.0025629298761487,0,0.0385194271802902,0.774160504341125,0.000565902446396649,0.117949299514294,0.056564848870039,0.00741348834708333,0.0022355483379215,0
114400,10,16,0,0,0,0.158778443932533,0.527597427368164,0.0523042492568493,0.230510264635086,5.25478681083769e-05,0.00563227524980903,0.0251247324049473,0
114397,15,18,0,0,0,0.189035683870316,0.214557364583015,0.0300602335482836,0.532122910022736,0.000875247467774898,0.0332244709134102,0.000124051002785563,0
113772,10,1,0.000226458651013672,0,0,0.188510328531265,0.635980129241943,0.0170485265552998,0.156320080161095,0,0.00154141464736313,0.000372990733012557,0
114267,15,1,0.00117927126120776,0.0202299319207668,0,0.0146332243457437,0.335255742073059,0.00277126813307405,0.54851621389389,0.00944774318486452,0.0336746498942375,0.0342919901013374,0
114282,10,5,0,0.000270412245299667,0,0.00571842445060611,0.689758598804474,0.00529243564233184,0.258302211761475,0.00680155400186777,0.0228494834154844,0.0110069019719958,0
114396,15,1,6.50069559924304e-05,0,0,0.319670051336288,0.328556269407272,0.0055295042693615,0.333512187004089,0,0.00980667304247618,0.00286030606366694,0
114301,10,5,0.000281541579170153,0.000145169877214357,0,0.0058083082549274,0.849090278148651,0.00322015397250652,0.0898557603359222,0.00576228275895119,0.0117736607789993,0.0340628549456596,0
114036,10,17,0,0,0,0.0871580094099045,0.796146273612976,0.0152117498219013,0.0601101964712143,0.00589866889640689,0.003625453915447,0.0318496748805046,0
114040,10,17,0,0,0,0.0214846860617399,0.827515721321106,0.00795904546976089,0.00956664327532053,0.115436919033527,0.00284211244434118,0.015194870531559,0
113988,10,1,0.000351489608874545,0,0,0.284771889448166,0.601784348487854,0.0219897590577602,0.0880202129483223,0,0,0.00308229355141521,0
114076,10,1,0.000345212494721636,0,0,0.00797906424850225,0.761831760406494,0.00124959833920002,0.0230741016566753,0.173340350389481,0.00267878640443087,0.0295010842382908,0
114307,10,1,8.52625962579623e-05,0.000835573475342244,0,0.017929820343852,0.777670919895172,0.00114312628284097,0.168516099452972,0.00196530297398567,0.0116517171263695,0.0202021989971399,0
113995,10,16,0,0,0,0.2414420992136,0.6214479804039,0.0111937578767538,0.119858011603355,0.000150365303852595,0.00431794160977006,0.00158993131481111,0
114196,10,17,0,0,0,0.171695932745934,0.758573889732361,0.0326085239648819,0.0315109305083752,0.0010742925805971,0.000878966646268964,0.00365741946734488,0
114415,10,16,9.68501481111161e-05,0,0,0.176623895764351,0.496388554573059,0.0193084888160229,0.296320885419846,3.02656717394711e-05,0.00833463110029697,0.00289642461575568,0
113848,10,6,0.000113107271317858,2.18198365473654e-05,1.1901728612429e-05,0.106149584054947,0.784126937389374,0.0125297727063298,0.089400477707386,0,0.0058683673851192,0.00177806627471,0
114207,15,1,0.000108850203105249,0,0,0.221163138747215,0.338516354560852,0.0164425484836102,0.41157129406929,0.000265026581473649,0.00573773309588432,0.00619499618187547,0
113963,10,1,0.00014100172847975,0,0,0.147341266274452,0.77068567276001,0.00406554993242025,0.0698845386505127,0,0.00508544268086553,0.00279653444886208,0
114107,10,14,0.00112518784590065,0,0,0.0461463406682014,0.822644770145416,0.000615959637798369,0.0562868118286133,0.0488568618893623,0.00556096062064171,0.0187631193548441,0
114314,10,5,0,0.000588160008192062,0,0.0225897990167141,0.889260411262512,0.000789010606240481,0.0700556486845016,0.000958781340159476,0.0111536039039493,0.00460456730797887,0
114243,10,1,2.50119246629765e-05,0,0,0.101644523441792,0.73351263999939,0.00376320327632129,0.150479793548584,0.000321471394272521,0.00834580045193434,0.00190758751705289,0
114116,15,1,1.8113083569915e-05,2.89809322566725e-05,0,0.00410365266725421,0.332571119070053,0.000275318860076368,0.612763345241547,0.000623090076260269,0.0241711959242821,0.0254451502114534,0
114114,10,14,0,0,0,0.00268804165534675,0.791641891002655,8.75215919222683e-05,0.181886464357376,0.0022217018995434,0.0109911486506462,0.0104831885546446,0
114006,10,16,0,0,0,0.0626958459615707,0.922174870967865,0.00374243105761707,0.00205876096151769,0.000442839867901057,0.00522382976487279,0.0036613498814404,0
114108,10,5,0.00997080560773611,3.45906119036954e-05,0,0.0626094788312912,0.720367074012756,0.000183330237632617,0.171956405043602,0.00761873833835125,0.0157951898872852,0.0114644011482596,0
114236,15,1,2.03312556550372e-05,0,0,0.0644399523735046,0.405241578817368,0.00730050588026643,0.503185272216797,0.000406626641051844,0.0145430956035852,0.00486255856230855,0
114312,10,1,2.13540442928206e-05,0.00109261530451477,0,0.00999440718442202,0.593558490276337,9.25341955735348e-05,0.360054433345795,0.000418087700381875,0.0173396691679955,0.0174283739179373,0
113827,10,1,0.000389730033930391,0,0,0.154446199536324,0.483974158763885,0.0587254278361797,0.287241011857986,0,0.0136581948027015,0.00156532309483737,0
113839,15,8,0,0,0,0.00053229636978358,0.2653768658638,0.00334754353389144,0.680880784988403,0.021830627694726,0.0280318912118673,0,0
114091,10,8,0,0,0,0.0261298902332783,0.736371994018555,0,0,0.0896804258227348,0.0411915555596352,0.106626123189926,0
114117,10,16,0,0,0,0.0056938948109746,0.478100776672363,0,0.468984544277191,0.00299427402205765,0.0205738861113787,0.023652657866478,0
113875,10,1,4.25348516728263e-05,0,0,0.123817808926105,0.469130754470825,0.0371143333613873,0.331263542175293,0.0080900052562356,0.0277507416903973,0.00279028620570898,0
113893,15,16,0,0,0,0.0262085497379303,0.260404825210571,0.0365973487496376,0.607863903045654,0.0104458685964346,0.0313122794032097,0.027167210355401,0
114418,10,1,7.59846807341091e-05,0,0,0.150749176740646,0.698518097400665,0.00923888757824898,0.134662941098213,0.000260880740825087,0.00563467154279351,0.000859334715642035,0
114121,15,14,0,0,0,0.00167624757159501,0.136226639151573,0.00159109488595277,0.814018785953522,0.00275630038231611,0.0303198769688606,0.0134110590443015,0
113846,8,14,0,0,0,0.574149370193481,0.398054212331772,0.0043221041560173,0.0234743133187294,0,0,0,0
114311,15,1,2.47889911406673e-05,0.000892403710167855,0,0.00616254331544042,0.287322103977203,0.000528138072695583,0.64198499917984,0.00615758541971445,0.0421023294329643,0.0148251680657268,0
113841,10,1,3.38844511134084e-05,0,0,0.411753356456757,0.485975593328476,0.0282382033765316,0.0707644373178482,0.00031948194373399,0.000310791801894084,0.00260426197201014,0
113857,10,6,0.000536145176738501,0,0.000134802219690755,0.105163730680943,0.649079382419586,0.00821670889854431,0.231769219040871,0,0.00418701535090804,0.000912978663109243,0
113978,10,18,0,0,0,0.158316642045975,0.535840272903442,0.001468391623348,0.28685650229454,0,0.016757695004344,0.000760487804654986,0
114254,10,1,7.31381078367122e-05,0,0,0.0406815893948078,0.561899065971375,0.0111345211043954,0.368485271930695,8.70977964950725e-05,0.0169072691351175,0.000732025247998536,0
114437,10,18,0,0,0,0.0433754436671734,0.897218823432922,0.00237268605269492,0.0427868589758873,0,0.0126667488366365,0.00157949852291495,0
114130,10,14,0.00041706272168085,0,0,0.013925401493907,0.478519171476364,7.12058317731135e-05,0.439676016569138,0.000761098170187324,0.0442135632038116,0.0224164891988039,0
113898,10,15,0.000726949656382203,0,0,0.261056631803513,0.688131034374237,0.0286502428352833,8.11484351288527e-05,0,0.0213540270924568,0,0
114217,15,1,1.86482466233429e-05,0,0,0.127887398004532,0.301441937685013,0.0377853699028492,0.517854809761047,5.74987607251387e-05,0.0141493044793606,0.000804982671979815,0
113637,15,16,4.12544395658188e-05,0,0,0.0658517777919769,0.294301301240921,0.00276349508203566,0.618310511112213,2.40650897467276e-05,0.0180667079985142,0.00064090098021552,0
114210,8,1,2.635794771777e-05,0,0,0.463861405849457,0.450332432985306,0.00169398298021406,0.07877366989851,0.000243551621679217,0.00262615014798939,0.00244250311516225,0
113778,10,14,0,0,0,0.0803750306367874,0.676575481891632,0.00804030895233154,0.235009148716927,0,0,0,0
114333,15,1,6.84331971569918e-05,0.000897682562936097,0,0.00420763157308102,0.232224747538567,0.00292705791071057,0.698303461074829,0.00101222668308765,0.0491920486092567,0.0111667634919286,0
113776,8,1,7.02744000591338e-05,0,0,0.557077348232269,0.428628921508789,0.000646524480544031,0.013140307739377,0,0,0.000436654489021748,0
113633,15,18,0.00226204190403223,0,0,0.117047905921936,0.315236300230026,0.00272542983293533,0.545475900173187,0,0.0154177099466324,0.00183468905743212,0
113955,15,6,1.60731524374569e-05,0.000140949181513861,6.18198191659758e-06,0.0324294716119766,0.225108176469803,0.0296362563967705,0.697677075862885,1.73095486388775e-05,0.0138693302869797,0.00109915633220226,0
113922,10,1,0.000202456882107072,0,0,0.121002689003944,0.853415310382843,0.00204508099704981,0,0,0.019450968131423,0.00388349127024412,0
114159,10,5,0.000404360849643126,0.000230852296226658,0,0.165983557701111,0.702370405197144,0,0.0935346633195877,0.00130669411737472,0.0238971523940563,0.0122722676023841,0
114338,15,16,0.000565937487408519,0.00249155657365918,0,0.00959010608494282,0.306000202894211,0.00131172593683004,0.623211741447449,0.000398479489376768,0.0448770746588707,0.0115532055497169,0
114261,10,1,2.68501698883483e-05,0,0,0.000616301200352609,0.911754548549652,0.0116092376410961,0.0574518330395222,0.00158959103282541,0.0142036331817508,0.00274799112230539,0
113747,10,1,0.000429717329097912,0,0,0.433297365903854,0.563528537750244,0.00103132158983499,0,0,0,0.00171304075047374,0
113733,10,1,0.000824229791760445,0,0,0.484421610832214,0.49046927690506,0,0.0242849159985781,0,0,0,0
114339,10,1,0.000481371331261471,0.00248859892599285,0,0.0324083790183067,0.678778648376465,0.00452307425439358,0.216728612780571,0.0176889188587666,0.0255235061049461,0.0213788896799088,0
113636,15,1,1.29347145048087e-05,0,0,0.0171873029321432,0.155371889472008,0.00207646703347564,0.800335288047791,5.38946442247834e-05,0.0229082349687815,0.00205396628007293,0
114179,10,16,0,0,0,0.0592037104070187,0.931400775909424,0.00260693812742829,0,0.00100033672060817,0.00345405447296798,0.00233411905355752,0
113721,10,18,0,0,0,0.293183773756027,0.701467156410217,0.00370319583453238,0,0,0,0.00164586480241269,0
114285,10,16,0,0,0,0.00210511079058051,0.766045331954956,0.000336175056872889,0.213245734572411,0.00018401189299766,0.0152267348021269,0.00285686855204403,0
113812,10,16,0.000235131810768507,0,0,0.157075583934784,0.652401626110077,0.0160736665129662,0.157737657427788,0.000142025921377353,0.0122950887307525,0.00403920840471983,0
113713,10,1,0.000285071262624115,0,0,0.439747273921967,0.535217940807343,0.000518643413670361,0.0233758445829153,0,0,0.000855213787872344,0
114273,10,8,0,0,0,2.86601971311029e-05,0.90896064043045,0.0236458200961351,0,0.0391713939607143,0.0233740881085396,0.00481944251805544,0
114181,10,14,0,0,0,0.073202520608902,0.91984236240387,0.000300114043056965,0.00462175626307726,0,0,0.00203322037123144,0
113686,10,1,3.40047408826649e-05,0,0,0.367796868085861,0.381441503763199,0.00875281170010567,0.230175077915192,0.000782108982093632,0.00902498792856932,0.00199267780408263,0
113826,10,1,7.26863509044051e-05,0,0,0.19503678381443,0.680115342140198,0.020282506942749,0.101677633821964,0.000293552089715376,0.000655840383842587,0.00186561641748995,0
113685,10,1,0.000126891623949632,0,0,0.459840834140778,0.505856096744537,0.000676755327731371,0.0328226312994957,0,0,0.000676755327731371,0
114383,10,16,0.0143468547612429,0.00573124783113599,0.000755084271077067,0.297200679779053,0.331589758396149,0.0843021720647812,0.230962246656418,0.000163961143698543,0.0259978007525206,0.00895021297037601,0
113669,10,8,0,0,0,0.0943799167871475,0.905620098114014,0,0,0,0,0,0
113808,10,18,0,0,0,0.305193483829498,0.640492022037506,0.024279560893774,0.0289586391299963,0,0,0.00107630633283406,0
113690,10,16,0.000362469785613939,0,0,0.281105935573578,0.681802749633789,0.0321799553930759,0.00227212137542665,9.06174464034848e-05,0,0.00218614586628973,0
114308,10,16,0,0,0,0.00357260392047465,0.628402769565582,0.00105895334854722,0.337722182273865,0.000618215766735375,0.023591049015522,0.0050342483446002,0
113675,8,1,8.37840634630993e-05,0,0,0.494195848703384,0.401037842035294,0.00833857618272305,0.0855997800827026,0.000111712084617466,0.00635553989559412,0.00427697692066431,0
114141,10,14,0,0,0,0.0916564092040062,0.865782737731934,0.00439073843881488,0,0,0,0.0381701774895191,0
114340,10,1,0.000125843027490191,0.0123579474166036,0,0.0418646745383739,0.605468332767487,0.00054531981004402,0.304661989212036,0.000568478077184409,0.033861231058836,0.000546124065294862,0
114147,10,14,0.00105899036861956,0,0,0.0668567940592766,0.756185054779053,0.000481277937069535,0.145063698291779,0.0026223964523524,0.00754512939602137,0.0201866272836924,0
114435,10,17,0,0,0,0.0437030419707298,0.948209464550018,0.00152814737521112,0.00401260424405336,0,0.00093823904171586,0.00160853844136,0
114420,10,1,2.79442920145812e-05,0,0,0.137271150946617,0.65366005897522,0.00581552134826779,0.185936778783798,0.00962044112384319,0.00615543220192194,0.00151259964331985,0
114216,8,18,0,0,0,0.700218558311462,0.298317939043045,0,0,0.0012021743459627,0,0.000261342240264639,0
114139,10,18,0,0,0,0.0057402802631259,0.989385008811951,0,0,0.00312879029661417,0.00101299060042948,0.000732915359549224,0
114341,10,5,0,0.00136798864696175,0,0.0140415327623487,0.592666566371918,0.00191824848297983,0.35667484998703,0.0042072357609868,0.024433359503746,0.0046902229078114,0
114131,10,5,0.000740111223421991,4.22862212872133e-05,0,0.0500681512057781,0.880579352378845,0.00285129947587848,0.0529954992234707,0.000453032203949988,0.00708108628168702,0.00518912309780717,0
113797,15,8,0,0,0,0.0210084803402424,0.458652317523956,0,0.520339250564575,0,0,0,0
113628,10,18,0,0,0,0.0795438438653946,0.473556131124496,0.0158722158521414,0.397778153419495,0.000523678259924054,0.0324859172105789,0.000240019187913276,0
113793,10,18,0,0,0,0.27041232585907,0.622862458229065,0.00246197497472167,0.10290701687336,0,0,0.00135617272462696,0
114450,10,16,0,0,0,0.00475398357957602,0.958736538887024,0.004042096901685,0.00668100314214826,0.00328090251423419,0.0132559770718217,0.00924944691359997,0
113981,10,16,0.0110520264133811,0.00317071261815727,0.000269329233560711,0.263917505741119,0.521051049232483,0.0594019144773483,0.136395707726479,0.00024124413903337,0.00380656588822603,0.000693911337293684,0
113957,10,14,0,0,0,0.1274304240942,0.854151010513306,0.000475559412734583,0.00540235498920083,0,0.0110379057005048,0.00150276767089963,0
113648,8,16,0.0015285771805793,0,0,0.730270624160767,0.260744839906693,0.0068861972540617,0,3.92935653508175e-05,0,0.000530463119503111,0
114310,15,18,0,0,0,0.00739381229504943,0.378351211547852,0,0.536617279052734,0,0.07625512778759,0.00138257537037134,0
114348,10,1,0.000147466213093139,0.00149075849913061,0,0.00999347399920225,0.747396469116211,0.00320493220351636,0.215236932039261,0.000481722934637219,0.0154811078682542,0.00656717550009489,0
114215,15,5,0,7.78265384724364e-05,0,0.0196410045027733,0.298534423112869,0.00703060813248158,0.63474178314209,0.000260455883108079,0.0241854079067707,0.0155284721404314,0
114344,15,16,0,5.39462816959713e-05,0,0.00231806747615337,0.349929213523865,0.000577674771193415,0.604740142822266,5.32712838321459e-05,0.0296995993703604,0.0126280905678868,0
114043,15,16,0,0,0,0.0300325434654951,0.11701450496912,0.00602390663698316,0.81610244512558,0.000283163390122354,0.0299648158252239,0.000578586594201624,0
114184,10,6,0,0.00227397587150335,4.14418827858754e-05,0.0340699106454849,0.947849094867706,0.000223786162678152,0.0121760135516524,0.000605051463935524,0.00210492662154138,0.000655825017020106,0
114256,10,16,0,0,0,0.195135161280632,0.781008243560791,0.000193914034753107,0.0128976972773671,0.000153321539983153,0.00891927443444729,0.00169234059285372,0
114208,15,5,0,1.0099714017997e-05,0,0.10873394459486,0.403230011463165,0.0304263699799776,0.445115357637405,0.000232293416047469,0.00888694543391466,0.00336488801985979,0
113760,10,14,0,0,0,0.210303798317909,0.768142282962799,0.00300751882605255,0.0185463652014732,0,0,0,0
113691,10,16,0,0,0,0.134414121508598,0.773566663265228,0.018073670566082,0.0661943778395653,0.000244790251599625,0.00117172976024449,0.0063346941024065,0
113759,10,18,0,0,0,0.354985594749451,0.590314090251923,0.000792940380051732,0.0533641278743744,0,0,0.000543292087968439,0
114187,10,14,0,0,0,0.0836613327264786,0.862267136573792,0.000711935223080218,0.048759650439024,0,0.00167315453290939,0.00292684463784099,0
114445,15,1,1.35081272674142e-05,0,0,0.150399699807167,0.20732019841671,0.0174744315445423,0.606191635131836,0.00171403121203184,0.0139012234285474,0.00298529607243836,0
113646,8,1,0.000105155173514504,0.000336496566887945,0,0.798366785049438,0.19258987903595,0.00830725859850645,0,0,0,0.000294434488750994,0
114085,10,18,0,0,0,0.0253412183374166,0.927464663982391,0,0.0124965626746416,0.00873355660587549,0.0173952914774418,0.00856870785355568,0
114115,10,16,0.00127540563698858,0,0,0.140796273946762,0.560056090354919,0.00546468514949083,0.281766444444656,0.00050701602594927,0.00873868260532618,0.00139543181285262,0
113625,15,18,0,0,0,0.075392484664917,0.189530849456787,0.00458883913233876,0.706423282623291,0,0.0208201762288809,0.00324433855712414,0
113877,10,17,0,0,0,0.0766097754240036,0.662548661231995,0.214729815721512,0.0163521803915501,0.00898158084601164,0.004602394066751,0.0161756128072739,0
113738,8,15,0,0,0,0.541811585426331,0.450090438127518,0,0.00809797458350658,0,0,0,0
114283,15,5,0,0.000400121207349002,0,0.011378557421267,0.471035718917847,0.000464156997622922,0.486145436763763,0.000610711344052106,0.0247006118297577,0.00526475301012397,0
114003,10,6,0.000724317564163357,0.00171410897746682,0.000147485479828902,0.106757186353207,0.828612864017487,0.00652624387294054,0.0495881699025631,0.000373629882233217,0.00384513731114566,0.00171083153691143,0
113622,15,16,0,0,0,0.0396678298711777,0.346518695354462,0.012819392606616,0.580338418483734,0.000766433426178992,0.0173337012529373,0.00255553866736591,0
114103,10,18,0,0,0,0.0146086914464831,0.955209672451019,0,0.0188721921294928,0.000824518094304949,0.00999017152935266,0.000494710868224502,0
113652,10,16,0,0,0,0.359039694070816,0.639598786830902,0.000703319441527128,0,5.41014960617758e-05,0,0.000604133354499936,0
114355,10,18,0,0.00698268599808216,0,0.0229841955006123,0.864138901233673,0.00241250288672745,0.085881270468235,0.00138236954808235,0.015446281991899,0.000771806808188558,0
113850,10,18,0,0,0,0.212434560060501,0.724597871303558,0.0216110181063414,0.0327901393175125,0,0.0077611468732357,0.000805283547379076,0
113903,10,1,7.08505176589824e-05,0,0,0.394855141639709,0.42551976442337,0.00581711623817682,0.168630689382553,9.81007178779691e-05,0.00468133296817541,0.000327002402627841,0
114346,10,1,0.00106046930886805,0.0069515984505415,0.00122566823847592,0.068500816822052,0.732106268405914,0,0.177881225943565,0.00285989255644381,0.0094140563160181,0,0
114149,10,16,0.00302718346938491,0,0,0.186966523528099,0.517399668693542,0.00255910865962505,0.254102885723114,0.000792614999227226,0.0180953163653612,0.0170566346496344,0
113624,10,16,0.00294548482634127,0,0,0.150101855397224,0.552997946739197,0.0813372209668159,0.1729786247015,0.000284425856079906,0.0287434812635183,0.0106109101325274,0
113724,8,14,0,0,0,0.541264235973358,0.438277751207352,0.000178586386027746,0.0154179586097598,0,0,0.0048615182749927,0
113825,10,1,3.04726727335947e-05,0,0,0.101802080869675,0.738546013832092,0.0145386671647429,0.135566458106041,0.000248745840508491,0.0081584183499217,0.00110920530278236,0
113991,10,1,0.000103154561656993,0,0,0.170035943388939,0.522446513175964,0.0488871596753597,0.248968333005905,0,0.00732658058404922,0.00223224144428968,0
114219,8,18,0,0,0,0.535439610481262,0.388339072465897,0,0.0757348164916039,0.000459260627394542,0,2.72813613264589e-05,0
113923,10,16,0,0,0,0.136931166052818,0.644320845603943,0.017751494422555,0.183415591716766,0.000342677434673533,0.0146321663632989,0.00260604079812765,0
114025,15,18,0,0,0,0.0291951969265938,0.115768298506737,0.00328304222784936,0.826573729515076,0.000162348238518462,0.0249658077955246,5.15391220687889e-05,0
113894,10,1,0.000154632027260959,0,0,0.125990062952042,0.647251129150391,0.014219400472939,0.0373045690357685,0.000535264669451863,0.00711999693885446,0.167424976825714,0
114011,10,1,4.38338465755805e-05,0,0,0.103868164122105,0.891633629798889,0.000219169218325987,0,0.000324370455928147,0.00253445073030889,0.00137638277374208,0
114137,10,15,0,7.21961769158952e-05,0,0.00450450275093317,0.988476455211639,0,5.61525848752353e-05,0.00541471363976598,0,0.00147601077333093,0
113677,10,16,0,0,0,0.352002263069153,0.641767263412476,0.0053117354400456,0,0.000306219793856144,0,0.000612439587712288,0
113661,10,16,0,0,0,0.377161473035812,0.537290990352631,0.0577105917036533,0.0196074675768614,0.00276297819800675,0,0.00546653755009174,0
114101,10,1,2.20902547880542e-05,9.66448642429896e-05,0,0.0719156488776207,0.589288949966431,0.0187815390527248,0.310088753700256,0.000477701745694503,0.00595995085313916,0.00336876371875405,0
114180,10,15,0,0,0,0.0994471684098244,0.890067756175995,0.00231932452879846,0.00103786995168775,0,0.00600355677306652,0.00112435908522457,0
113739,8,16,0.000675658986438066,0,0,0.41791695356369,0.369469821453094,0.0240069683641195,0.175516039133072,5.68934265174903e-05,0.0116295097395778,0.00072811171412468,0
114239,10,16,8.72201126185246e-05,8.72201126185246e-05,5.04958516103216e-05,0.0031334524974227,0.57315593957901,0.0019928275141865,0.391059815883636,3.67242573702242e-05,0.0145947951823473,0.0158014819025993,0
113862,10,16,0.00015221448848024,9.36779397306964e-05,0,0.126612216234207,0.824960470199585,0.025240009650588,0.0203539952635765,9.13551048142835e-05,0.00226777605712414,0.000228324381168932,0
114376,10,16,0.000129748208564706,0.0132406512275338,0,0.148917347192764,0.613424718379974,0.00129917601589113,0.205792054533958,6.22791412752122e-05,0.0164982136338949,0.000635766191408038,0
114304,10,14,0,0,0,0.0145157165825367,0.920801758766174,0.00161536084488034,0.0358658917248249,0.0041512455791235,0.0189609546214342,0.00408904440701008,0
114374,10,6,0.0363047830760479,0.0982742682099342,0.000552843324840069,0.227108314633369,0.595850765705109,0.00147495034616441,0.0108117936179042,0.000887324858922511,0.0212424658238888,0.00749247660860419,0
113976,15,16,6.42734448774718e-05,0,0,0.221931874752045,0.291473686695099,0.00578047800809145,0.468612134456635,3.57074713974725e-05,0.0119519168511033,0.000149971383507363,0
113829,10,16,0,0,0,0.175016552209854,0.38573157787323,0.101632632315159,0.223699003458023,0.00604048185050488,0.0112629886716604,0.0966167226433754,0
114343,15,14,0.00509407604113221,0.0293215680867434,0.010525512509048,0.0248578898608685,0.320082873106003,0.000275356869678944,0.557799577713013,0.00437933485955,0.0353782512247562,0.0122856376692653,0
113807,10,18,0,0,0,0.0439140498638153,0.817365944385529,0.0119076054543257,0.123760789632797,0,0.002951416419819,0.000100237230071798,0
113717,10,1,8.58698767842725e-05,0,0,0.295918762683868,0.591381788253784,0.0150713743641973,0.0967335850000381,0.000300544576020911,0,0.000508063414599746,0
114432,10,1,4.00626267946791e-05,0,0,0.103320755064487,0.893970489501953,0.000721127260476351,0.000257293839240447,0,0,0.00169028667733073,0
113613,10,18,0.027253957465291,0.00906932353973389,0.000864610192365944,0.184632316231728,0.506511569023132,0.0558118522167206,0.209103643894196,0.000975576229393482,0.00541654322296381,0.000360639533028007,0
113705,10,8,0,0,0,0.454105973243713,0.545893967151642,0,0,0,0,0,0
113942,8,6,0.0359748676419258,0.00477664824575186,7.22821932868101e-05,0.516403377056122,0.306146562099457,0.0631467178463936,0.0697401016950607,0,0.00259494828060269,0.00114446796942502,0
113828,10,16,0,0,0,0.400423973798752,0.448869377374649,0.0224481914192438,0.120073042809963,1.4212632777344e-05,0.00631548510864377,0.00185571145266294,0
114351,10,14,0,0.000197257628315128,0,0.00802686810493469,0.603668212890625,0.000182083953404799,0.181319281458855,0.000182083953404799,0.00553282769396901,0.200891435146332,0
113700,8,14,0,0,0,0.553923726081848,0.431945770978928,0.0037416850682348,0.0103887720033526,0,0,0,0
113664,10,18,0,0,0,0.144997388124466,0.846538841724396,0.00811758637428284,0,0.000279185769613832,0,6.70045847073197e-05,0
113986,15,5,0,3.27855013892986e-05,0,0.031315129250288,0.28988716006279,0.0161687936633825,0.646565973758698,9.1799403890036e-05,0.014246603474021,0.00169173185713589,0
114280,10,17,0,0,0,0,0.568543672561646,0,0.425990104675293,0,0.00546618876978755,0,0
113619,8,17,0.105589881539345,0.062296025454998,0.0070026540197432,0.565834164619446,0.143224582076073,0.108570292592049,0.00661895982921124,0,0.000372869981219992,0.000490562990307808,0
114186,10,16,0,0,0,0.00900490581989288,0.988077461719513,0,0,0.00291760568507016,0,0,0
113818,10,16,0.00123155582696199,0,0,0.173272669315338,0.41650977730751,0.0067459181882441,0.397200286388397,0.000238635620917194,0.00311151193454862,0.00168969423975796,0
114028,15,16,0.000583764456678182,0,0,0.0632218644022942,0.20612695813179,0.003703378373757,0.700491786003113,0.00030401541152969,0.0248850584030151,0.00068319943966344,0
114321,10,1,2.63046367763309e-05,0.000794399995356798,0,0.0297042708843946,0.800239145755768,0.000136784103233367,0.153930798172951,0.000699703290592879,0.0129689956083894,0.00149957940448076,0
113657,10,1,5.40747860213742e-05,0,0,0.309646517038345,0.615647494792938,0.0123657584190369,0.0503563396632671,0.00064889743225649,0.000727302860468626,0.0105535956099629,0
113932,10,16,0.000133152192574926,5.48273746971972e-05,0,0.125390008091927,0.828981041908264,0.0124795511364937,0.0309484768658876,3.91624125768431e-05,0,0.00197378545999527,0
114460,10,16,0.225188717246056,0.0706213191151619,0.00294278655201197,0.132813334465027,0.528325200080872,0.000847230374347419,0.0128708146512508,0.00010079589264933,0.0199369676411152,0.00635286560282111,0
114423,10,16,8.98231592145748e-05,0,0,0.149147853255272,0.594077229499817,0.0054679848253727,0.234327524900436,5.61394735996146e-05,0.0153625085949898,0.00147085427306592,0
114122,10,8,0,0,0,0.00119366880971938,0.962516307830811,0,0.00143962097354233,0.0212367717176676,0.00593375228345394,0.00767986802384257,0
114318,15,1,2.1889791241847e-05,0,0,0.000669202185235918,0.394679486751556,0.000687964842654765,0.55506432056427,0.000184499658644199,0.0338208489120007,0.0148717975243926,0
114262,10,6,0,0,0.000104857608675957,0.0139569360762835,0.891801774501801,0.000324294145684689,0.0413495451211929,0.0436846762895584,0.00793431326746941,0.000843597110360861,0
114192,10,1,0.000293108401820064,0.00180955266114324,0.00043326459126547,0.10891492664814,0.843465030193329,0.000622817839030176,0.0249103046953678,0.0176840759813786,0.0014986329479143,0.000368274922948331,0
114241,10,6,0,0.000298809754895046,4.15013528254349e-05,0.0146481199190021,0.959091246128082,0,0.0121824657544494,0.00402094796299934,0.00842206180095673,0.00129484222270548,0
114430,10,1,4.7113328037085e-05,0,0,0.085271455347538,0.783351957798004,0.000959934084676206,0.124011479318142,0,0.00483276788145304,0.00152529403567314,0
113651,8,15,0,0,0,0.632552206516266,0.35466793179512,0.00602157972753048,0.000304533255985007,0.00151095341425389,0,0.00494280876591802,0
114165,8,14,0.00216944562271237,0,0,0.552937269210815,0.340368866920471,6.01809442741796e-05,0.0597762726247311,0,0.00315727386623621,0.0415306016802788,0
114342,10,1,1.6942720321822e-05,0.000867467257194221,0,0.0249418802559376,0.662697315216064,0.000938626704737544,0.276709973812103,0.000909915193915367,0.0205567255616188,0.0123611530289054,0
114152,10,18,0,0,0,0.00959895364940166,0.96844744682312,0,0,0.0122067984193563,0.00893967598676682,0.000807124539278448,0
114406,10,18,0,0,0,0.22095350921154,0.765477955341339,0.0124871414154768,0,0.00055424083257094,0,0.00052716163918376,0
113888,8,15,0.203547686338425,0.0543272383511066,0.0102943275123835,0.630515158176422,0.0530714392662048,0.0461826324462891,0.000622938212472945,0,0.00143855344504118,0,0
113731,8,14,0,0,0,0.601278305053711,0.394047260284424,0.000163003322086297,0.00408764276653528,0,0,0.000423808611230925,0
113802,10,18,0.145658314228058,0.00504014641046524,0.000369246699847281,0.300470948219299,0.412060171365738,0.0279249772429466,0.10314866900444,0.000275819795206189,0.00478170718997717,0.000270046090008691,0
113937,10,18,0,0,0,0.0935013964772224,0.661626219749451,0.00874444469809532,0.226227089762688,0,0.00953919999301434,0.000361612386768684,0
113742,8,18,0,0,0,0.569944262504578,0.422448337078094,0.000338909943820909,0.00696041481569409,0,0,0.00030809995951131,0
113950,10,6,0.000225258059799671,0.000291948206722736,2.56094917858718e-05,0.209075078368187,0.788889408111572,0,0.000596315658185631,0,0,0.000896332203410566,0
114380,8,18,0.316347002983093,0.0752150043845177,0.0130058974027634,0.504512667655945,0.0314507447183132,0.0451145656406879,0,0,0.0133237736299634,0.00103041005786508,0
114099,10,18,0,0,0,0.034555833786726,0.962707102298737,0,0,0,0,0.00273710326291621,0
114097,10,16,0.000936391123104841,0.000335776596330106,0,0.0131172006949782,0.942177176475525,0.00134997849818319,0.00260337884537876,0.0002650253882166,0.00375519692897797,0.0354599021375179,0
114191,10,16,0,0,0,0.0923551693558693,0.775841176509857,0.00552930263802409,0.121561370790005,0.000176062560058199,0.00116654974408448,0.00337034044787288,0
113912,10,16,0.00035277265124023,0,0,0.169574543833733,0.814218282699585,0.00399330398067832,0.00844846293330193,5.7195207773475e-05,0,0.00335545232519507,0
113789,10,1,8.04766386863776e-05,0,0,0.478121072053909,0.48721918463707,0.00391912180930376,0.0267006941139698,0.000241429908783175,0,0.00371802062727511,0
113821,10,15,0,0,0,0.448516935110092,0.549178421497345,0.00178736541420221,0.000250922312261537,0,0,0.000266399612883106,0
113695,10,1,4.3445521441754e-05,4.57303285656963e-05,0,0.402868568897247,0.590470969676971,0.00118282961193472,0.00397106632590294,0.00010691332136048,0,0.00131045188754797,0
114111,15,14,0,0,0,0.018089110031724,0.445328056812286,0.00157843600027263,0.47356316447258,0.00336686335504055,0.04324846342206,0.0148259745910764,0
114027,15,16,0,0,0,0.057442806661129,0.253906279802322,0.00035264456528239,0.661097705364227,0.000232595353736542,0.0266903229057789,0.000277613813523203,0
113951,10,18,0,0,0,0.238788858056068,0.594888865947723,0.0229189973324537,0.132648512721062,0,0.0104129910469055,0.00034174881875515,0
114094,10,5,0,8.2671656855382e-05,0,0.0255755092948675,0.667540788650513,0.00142195238731802,0.286402821540833,0.000942456827033311,0.0156032191589475,0.0024305465631187,0
113649,8,14,0,0,0,0.825760960578918,0.161963224411011,0.00472478056326509,0,0,0,0.00755098275840282,0
113641,8,1,0.000127413906739093,0,0,0.573250293731689,0.41335728764534,0.00504025723785162,0.00640238542109728,0.000219270441448316,0,0.00160304480232298,0
114075,10,17,0.0453259572386742,0.0351908057928085,0.0159050617367029,0.336734116077423,0.513355851173401,0.0194530803710222,0.0273889172822237,0,0.00664615398272872,0,0
114205,10,16,0,0,0,0.00686837686225772,0.933107316493988,0.000292957527562976,0.0538001470267773,0.000284341134829447,0.00265693198889494,0.00298989005386829,0
114334,10,14,0,0.00034193423925899,0,0.0045513529330492,0.851669371128082,0.000127587409224361,0.12853117287159,0.00279161240905523,0.0106345815584064,0.00135242647957057,0
114182,10,6,0.00283536408096552,0.00362054747529328,0.000103149497590493,0.110779643058777,0.874157547950745,0.00277766631916165,0.00309328502044082,0,0.00146728369873017,0.00116558931767941,0
113667,10,14,0,0,0,0.292244046926498,0.703903257846832,0.000729697349015623,0.00221817218698561,0,0,0.00090478069614619,0
113785,10,18,0,0,0,0.475732028484344,0.511999070644379,0.00114540243521333,0.0108780199661851,0,0,0.000245443370658904,0
114378,10,6,0.000204302283236757,0.0194968599826097,3.78337572328746e-05,0.182210028171539,0.734302818775177,0.000263330439338461,0.0567248165607452,0,0.00645734928548336,0.000302659522276372,0
114352,10,14,0,0.000364959792932495,7.61831615818664e-05,0.00196119304746389,0.518138408660889,6.90181841491722e-05,0.117976106703281,0.00457632075995207,0.0188358854502439,0.338001996278763,0
113980,10,16,6.41882506897673e-05,0,0,0.202523037791252,0.415010362863541,0.00671408139169216,0.370723187923431,5.34902064828202e-05,0.00459069851785898,0.000320941238896921,0
114153,15,5,0,8.39388158055954e-05,0,0.0133354207500815,0.243796467781067,0.000127378953038715,0.64877837896347,0.0162317547947168,0.0381340757012367,0.0395125783979893,0
114073,10,17,0.029698209837079,0.0238150134682655,0.0106199961155653,0.17379567027092,0.672946035861969,0.0400234498083591,0.0437197983264923,0,0.00538183422759175,0,0
114212,10,1,7.13667759555392e-05,0,0,0.134585306048393,0.584482431411743,0.027149360626936,0.240629091858864,0,0.0108201149851084,0.00226232688874006,0
113666,10,18,0.00138333882205188,0,0,0.339588463306427,0.632439196109772,0.00665576849132776,0.0125823738053441,0.00611482094973326,0,0.00123604130931199,0
114367,10,6,0.0145751256495714,0.0195170510560274,0.000304953922750428,0.0664954707026482,0.769364178180695,0.00103600777219981,0.108628511428833,0.00189656263682991,0.0166636817157269,0.00151850224938244,0
113849,10,6,0.00546204624697566,0,7.23235425539315e-05,0.312084197998047,0.566939771175385,0.016196608543396,0.0949996039271355,0,0,0.0042453920468688,0
114154,10,1,2.05320702661993e-05,0,0,0.00407507317140698,0.964270412921906,0,0,0.0213293079286814,0.00589395221322775,0.00441066175699234,0
113858,8,6,0.17689137160778,0.0296578165143728,0.00136908888816833,0.688236773014069,0.0707230269908905,0.0216192584484816,0.0115026663988829,0,0,0,0
113814,10,1,1.7786707758205e-05,0,0,0.12286501377821,0.645026504993439,0.0146634411066771,0.180194646120071,0,0.0363256558775902,0.000906933913938701,0
113878,10,16,0,0,0,0.12120483070612,0.66004741191864,0.0119257234036922,0.20042672753334,0.000562660745345056,0.00234501273371279,0.00348762096837163,0
113939,10,16,0,0,0,0.205736130475998,0.560524225234985,0.00760231353342533,0.217199593782425,4.26288133894559e-05,0.0074658845551312,0.00142921193037182,0
114284,10,18,0,0,0,0,0.768413722515106,0,0.228854343295097,0,0,0.00273185851983726,0
113926,15,18,0,0,0,0.111992619931698,0.257834821939468,0.00350921112112701,0.609147071838379,0,0.0157893896102905,0.00172688369639218,0
114105,10,14,0,0.00030648271786049,0,0.0671933069825172,0.702601432800293,0.000243383328779601,0.191456660628319,0.0283527281135321,0.00774319469928741,0.00210283068008721,0
114112,10,14,0,0.000812058104202151,0,0.0432601347565651,0.534343957901001,0.000419126765336841,0.393647402524948,0.00124428258277476,0.0239964723587036,0.00227659987285733,0
114292,10,18,0,0.00503368908539414,0.000717847840860486,0.0505644120275974,0.815283417701721,0.00021010180353187,0.115238606929779,0.00157984963152558,0.0112319374457002,0.000140067873871885,0
114194,10,1,8.96063720574602e-05,0,0,0.175530225038528,0.536704182624817,0.00336037715896964,0.275966584682465,0.000563240027986467,0.00403508450835943,0.00375066674314439,0
113754,10,5,0.000352697417838499,4.50816223747097e-05,0,0.132332473993301,0.717263400554657,0.0236863102763891,0.111981809139252,0.000364418054232374,0.00688149966299534,0.0070922845043242,0
114029,10,1,0.000278964347671717,0,0,0.188140317797661,0.418728560209274,0.00547814648598433,0.367337703704834,0.00133152073249221,0.016689483076334,0.00201526377350092,0
113688,10,14,0,0,0,0.111341997981071,0.88639360666275,0.000288595998426899,0,0,0,0.00197577266953886,0
114276,10,6,0,0.000782229471951723,4.88893419969827e-05,0.0200030524283648,0.740988552570343,0.00106578762643039,0.178182452917099,0.000361781130777672,0.0102449776604772,0.0483222231268883,0
113800,10,18,0,0,0,0.459360063076019,0.507039248943329,0.00622115191072226,0.0252815242856741,0,0,0.00209804251790047,0
113767,10,16,0.000636404496617615,0,0,0.130997017025948,0.657465398311615,0.00361174973659217,0.198505222797394,0.000146862585097551,0.00790302455425262,0.000734312925487757,0
114326,10,1,0.000313563767122105,0,0,0.00596693437546492,0.622397899627686,0.00152170658111572,0.336886793375015,0.00278207892552018,0.0157071352005005,0.0144239338114858,0
114268,15,1,5.13704981131013e-05,0.000104795813967939,0,0.00297643826343119,0.101926751434803,0.00098082039039582,0.814263582229614,0.00028461214969866,0.0353971384465694,0.0440145023167133,0
113659,10,6,0.120217859745026,0.0073882001452148,0.000206623881240375,0.27536678314209,0.563449323177338,0.0261436644941568,0.00223742099478841,0,0.00437027821317315,0.000619871658273041,0
114324,10,5,0,0.00112131307832897,0,0.0610939562320709,0.777212858200073,0,0.147594213485718,0,0.00893121864646673,0.00404647784307599,0
114070,10,17,0,0,0,0.0915412828326225,0.627814471721649,0,0.256920665502548,0,0.0237235929816961,0,0
113925,10,1,0.000133279856527224,0,0,0.103985406458378,0.47856867313385,0.0213803108781576,0.378826707601547,0,0.0162837691605091,0.000821892463136464,0
113720,10,6,0.0248241629451513,0.000585130823310465,2.16161697608186e-05,0.187183424830437,0.643605053424835,0.0361527390778065,0.0875569880008698,0.0020754502620548,0.00975539162755013,0.00824008416384459,0
113611,8,10,0.417309015989304,0.0902298390865326,0.019740879535675,0.432086825370789,0.0105375405400991,0.030095873400569,0,0,0,0,0
114372,10,6,0.00141784141305834,0.0106553053483367,3.94119524571579e-05,0.0673520416021347,0.884072721004486,0.00875446107238531,0.00333652109839022,0.000109954082290642,0.00682423822581768,0.0174375250935555,0
114224,10,16,0,0,0,0.191300615668297,0.752600491046906,0.00203176611103117,0.0530921667814255,2.99523271678481e-05,0,0.000945048872381449,0
114143,10,16,0,0,0,0.0049765263684094,0.992773652076721,0,0,0.000152772467117757,0.00186128751374781,0.000235724786762148,0
114065,8,10,0,0,0,0.807693302631378,0.192306622862816,0,0,0,0,0,0
113967,10,18,0,0,0,0.19666188955307,0.630565464496613,0.0162323135882616,0.149473056197166,0,0.00582995032891631,0.00123726995661855,0
114061,10,16,0.0294579416513443,0,0,0.43904983997345,0.495918422937393,0.0102205453440547,0.0135781522840261,0.00012361365952529,0.00682333018630743,0.0048281722702086,0
114164,8,16,0.00114593387115747,0,0,0.432106018066406,0.427938640117645,0,0.113493919372559,0.0002274777070852,0.00251727201975882,0.0225708093494177,0
113617,8,14,0.221275433897972,0.150773361325264,0.01812893897295,0.569800496101379,0.0252802260220051,0.0147415492683649,0,0,0,0,0
114402,10,14,0,0,0,0.107958376407623,0.728330135345459,0.00325296772643924,0.141986280679703,0.00422023423016071,0.00426399707794189,0.00998798571527004,0
113917,10,16,0.00196540681645274,3.9435806684196e-05,0,0.348919153213501,0.500219345092773,0.0282674785703421,0.114130698144436,2.62905359704746e-05,0.00428620958700776,0.00214596511796117,0
113931,10,16,0,0,0,0.253782957792282,0.48620480298996,0.0206153709441423,0.232377678155899,0.000204374853638001,0.00581151200458407,0.00100329471752048,0
114227,10,18,0,0.0134849371388555,0.00037452852120623,0.0234891027212143,0.915383398532867,0.00014713620475959,0.035570066422224,0.00368254259228706,0.00783484056591988,3.34400465362705e-05,0
114202,10,14,0,0,0,0.0276575367897749,0.967606127262115,7.99390982137993e-05,0.000730871746782213,0,0.00234959251247346,0.00157594215124846,0
113774,10,18,0,0,0,0.337311446666718,0.497792065143585,0,0.164039850234985,0,0,0.000856617058161646,0
113762,10,18,0,0,0,0.225047916173935,0.764215409755707,0.0062115085311234,0.00341774383559823,0,0,0.00110741576645523,0
113621,10,16,0.0255435612052679,0.0141833005473018,0.000746535952202976,0.25004380941391,0.464054793119431,0.0669718980789185,0.170453444123268,0.000347330438671634,0.00656421761959791,0.00109109107870609,0
114409,10,16,0,0,0,0.151120364665985,0.686658263206482,0.0025366700720042,0.158523067831993,1.95863358385395e-05,0,0.00114202697295696,0
113845,8,5,0.038817971944809,9.19607336982153e-05,9.19607336982153e-05,0.605389535427094,0.264105409383774,0.0342255495488644,0.0534021556377411,0,0,0.00387548794969916,0
114238,10,18,0,0.00483263656497002,0.000866442103870213,0.0796002969145775,0.667879819869995,0.00043487484799698,0.230191618204117,0.00418066699057817,0.0117474496364594,0.000266196060692891,0
114084,15,16,0,0,0,0.0628352537751198,0.305658429861069,0.00969633739441633,0.599857091903687,0.000126380618894473,0.0154542587697506,0.00637224409729242,0
113806,10,1,0.000195927612367086,0,0,0.419816642999649,0.544266700744629,0.000946983462199569,0.0341533273458481,0,0,0.00062043743673712,0
113701,10,8,0,0,0,0.47962099313736,0.520379066467285,0,0,0,0,0,0
113819,10,1,6.12690855632536e-05,0,0,0.0828034728765488,0.69093132019043,0.0456079430878162,0.154741421341896,0.00272647431120276,0.00813468918204308,0.0149934208020568,0
114171,10,6,0.0468307472765446,0.0101412516087294,0.000106758983747568,0.0798057988286018,0.8355393409729,0.000623472442384809,0.00507480092346668,0.00353158731013536,0.0151734221726656,0.00317287701182067,0
113672,10,18,0,0,0,0.164222314953804,0.611447036266327,0.0141508374363184,0.208925619721413,0,0,0.00125414261128753,0
113979,15,1,8.44767564558424e-05,0,0,0.123560078442097,0.430278360843658,0.00747665669769049,0.433283686637878,0.000158500464749523,0.00426884787157178,0.000889363698661327,0
113746,10,18,0,0,0,0.434577852487564,0.564251303672791,0,0,0,0,0.00117082765791565,0
114426,10,1,6.51186928735115e-05,0,0,0.302647024393082,0.68592369556427,9.76780356722884e-05,0.000940391037147492,0,0.00958809349685907,0.000738011847715825,0
114211,10,18,0,0,0,0.272456526756287,0.635694980621338,0.00175679824315012,0.0824797302484512,0.000723387522157282,0.00633315742015839,0.000555458304006606,0
114128,10,16,0.000823673908598721,0,0,0.19526869058609,0.582255065441132,0.00905954092741013,0.199116066098213,0.000136746937641874,0.00971959065645933,0.00362062710337341,0
114248,10,1,3.1633535400033e-05,0,0,0.00633487198501825,0.928573429584503,0.000164494384080172,0.0538657084107399,0.000986078870482743,0.00914536044001579,0.000898392405360937,0
114178,10,18,0,0,0,0.218554362654686,0.64211642742157,0.00518039101734757,0.123694069683552,0,0.00771213416010141,0.00274257641285658,0
114455,10,14,0,0.00119081512093544,0,0.00606589065864682,0.970854640007019,0.000557723571546376,0.0069345636293292,0.00509488023817539,0.00874380953609943,0.000557723571546376,0
113743,10,1,0.00027469324413687,0,0.00027469324413687,0.0654719471931458,0.511668622493744,0.00745821790769696,0.405940800905228,0,0.00829918868839741,0.000611816765740514,0
114229,10,5,0,0.000118097552331164,0,0.00781753938645124,0.961387991905212,0.000184527423698455,0.0190284717828035,0.00186003639828414,0.00843718647956848,0.0011662133038044,0
114366,10,5,0,0.000155906687723473,0,0.029897402971983,0.957024216651917,0.00299435830675066,0.00236148084513843,0.000894097320269793,0.0041739153675735,0.00249864929355681,0
114098,15,5,0,3.49501315213274e-05,0,0.0496107861399651,0.211928367614746,0.00465060258284211,0.71070259809494,0.000826748670078814,0.0198270902037621,0.00241884402930737,0
114198,10,16,0,0,0,0.159615337848663,0.835437595844269,0,0,0.000199019428691827,0,0.00474803475663066,0
113764,15,18,0,0,0,0.263378769159317,0.335597932338715,0.00948574673384428,0.368990808725357,0,0.0130828460678458,0.00946394074708223,0
113756,8,18,0.153061345219612,0.00285307341255248,0.000227093405555934,0.397451281547546,0.325505912303925,0.0384399257600307,0.0686213001608849,0,0.0137701658532023,6.98748917784542e-05,0
114058,8,16,0.029870567843318,9.23539992072619e-05,9.23539992072619e-05,0.482739061117172,0.397562682628632,0.0108814742416143,0.0704451948404312,2.71629396593198e-05,0.00367148709483445,0.00461769988760352,0
114458,10,1,0.000112860310764518,0.000338520796503872,0,0.0237458646297455,0.971061229705811,0,0,0,0.00436916202306747,0.000372439011698589,0
113915,10,16,0.000441788230091333,0,0,0.240025892853737,0.563565969467163,0.0058720838278532,0.182320699095726,0.000129246735014021,0.00321069802157581,0.00443362491205335,0
114271,10,14,0,0,0,0.0149459093809128,0.817458271980286,0.000597079691942781,0.152029737830162,0.00130487617570907,0.0111334612593055,0.00253066886216402,0
114442,10,6,0.00511737959459424,0.005705825984478,0.000388794753234833,0.18594528734684,0.718936681747437,0.00542995566502213,0.0663691833615303,0,0.00908059533685446,0.00302629428915679,0
113697,10,18,0,0,0,0.102552153170109,0.895817577838898,0.00145642331335694,0,0,0,0.000173901295056567,0
114201,10,1,0.000189018435776234,0,0,0.125360041856766,0.701933324337006,0.00347793940454721,0.150266647338867,0,0.0155596677213907,0.00321331340819597,0
113640,8,14,0.00161293707787991,0,0,0.501910269260406,0.48995640873909,0.000308860297081992,0,0,0,0.00621152343228459,0
113783,8,18,0,0,0,0.516763210296631,0.43873929977417,0.00109229306690395,0.043013621121645,0,0,0.000391576759284362,0
114412,15,18,0,0,0,0.0435463413596153,0.350039660930634,0.0175079200416803,0.580711185932159,0,0.00613296078518033,0.00206196052022278,0
113770,10,16,0,0,0,0.267817109823227,0.665654838085175,0.00103330030106008,0.0639501437544823,3.20937579090241e-05,3.80321944248863e-05,0.00147448480129242,0
113782,10,18,0,0,0,0.277924090623856,0.620373547077179,0.000548507377970964,0.100788205862045,0,0,0.000365671585313976,0
113663,1,6,0.618106722831726,0.0050024832598865,0.000133153036586009,0.127442643046379,0.186093285679817,0.0372840724885464,0.0124427434056997,0,0.0134948864579201,0,0
114000,10,1,6.59150537103415e-05,0,0,0.15628270804882,0.453238606452942,0.00369029818102717,0.375928729772568,0,0.00814887322485447,0.00264484132640064,0
113755,10,18,0,0,0,0.132876560091972,0.738518595695496,0.00521375378593802,0.119100823998451,0,0.00340165733359754,0.000888615264557302,0
114041,10,18,0,0,0,0.0964160710573196,0.51809960603714,0.00562467146664858,0.357340604066849,0.00264134025201201,0.0198066085577011,7.11595712346025e-05,0
113908,10,14,0.000242462367168628,0,0,0.143083289265633,0.855631351470947,7.07858343957923e-05,0,0,0.00010340845619794,0.000868631002958864,0
114279,10,14,0,0,0,0.00172598578501493,0.74377965927124,0.00028195814229548,0.231396898627281,0.000819767243228853,0.0168839320540428,0.00511179678142071,0
114161,10,16,0,0,0,0.00594944786280394,0.979635417461395,0,0,0.00215374282561243,0,0.0122614065185189,0
114051,8,6,0.0129215465858579,0,7.6048330811318e-05,0.756220698356628,0.141726315021515,0.00882160663604736,0.0706225261092186,0,0.00453125312924385,0.005080028437078,0
114170,10,1,3.26688059431035e-05,0.000431260239565745,0,0.0568816214799881,0.928252279758453,0.000291049364022911,0.00173783220816404,0.000997855793684721,0.00950450357049704,0.00187103159260005,0
113953,10,1,8.56892220326699e-05,0,0,0.080858089029789,0.544113397598267,0.0166138540953398,0.349292457103729,0.000115695358545054,0.00871253479272127,0.000208251643925905,0
114245,10,16,0,0.000190734004718252,0,0.0137777412310243,0.876708745956421,0.000521339592523873,0.0838118046522141,1.78347829660197e-06,0.0194692760705948,0.00551857054233551,0
113753,10,16,0,0,0,0.323104500770569,0.500249326229095,0.00498993042856455,0.160697042942047,5.59409272682387e-05,0.00958304852247238,0.00132020586170256,0
113631,10,6,0.00804628431797028,0.00128287100233138,0.0003362865827512,0.285299688577652,0.426358699798584,0.0880460515618324,0.177326843142509,0,0.0112484563142061,0.00205483380705118,0
114265,10,8,0,0,0,0.000322120613418519,0.95256906747818,0.028577322140336,0,0.000554237863980234,0.0125355692580342,0.00544172013178468,0
114188,10,1,0.000136467773700133,0,0,0.204611480236053,0.555277764797211,0.00966439954936504,0.224842488765717,0,0.00449971621856093,0.000967680593021214,0
114189,10,14,0,0,0,0.216098770499229,0.78295111656189,0.000372169801266864,0,0,0,0.000577932049054652,0
113730,10,18,0,0,0,0.354595065116882,0.633075594902039,0,0,0,0,0.012329381890595,0
114047,10,17,0,0,0,0.165165364742279,0.383177816867828,0.35274076461792,0,0,0.0989160537719727,0,0
113644,8,14,0,0,0,0.565160393714905,0.421188503503799,0.00249456381425261,0,0,0,0.0111565412953496,0
114046,10,15,0.134999588131905,0.148488596081734,0.0287335216999054,0.205798625946045,0.393231719732285,0.0614373534917831,0.00106528913602233,0.0142893185839057,0.00692318193614483,0.00503277126699686,0
114447,10,16,0,0,0,0.00239552208222449,0.974456548690796,0.0108008626848459,0.00386067759245634,0.00230057677254081,0.00364061468280852,0.0025452037807554,0
113723,10,18,0,0,0,0.225849539041519,0.520656824111938,0.00204146793112159,0.247419402003288,0,0.00383453466929495,0.000198200767044909,0
114277,10,14,0,0.00195651920512319,0,0.0231469459831715,0.866903305053711,5.65467998967506e-05,0.0918034762144089,0.00709475949406624,0.00845027156174183,0.000588086724746972,0
113883,8,18,0.144649609923363,0.0427742041647434,0.00851190369576216,0.704278171062469,0.0318243876099586,0.0645225420594215,0.00126162788365036,0,0.00213450053706765,4.30587606388144e-05,0
113748,10,1,0.000165874007507227,0,0,0.178192734718323,0.703594326972961,0.012813862413168,0.0973218977451324,0.000738893344532698,0.00175132334697992,0.00542106432840228,0
114330,10,1,6.34054813417606e-05,7.24634010111913e-05,0,0.0512543320655823,0.506040632724762,0.00221919175237417,0.417766690254211,0,0.0208079293370247,0.00177535344846547,0
114021,10,1,0.000295722857117653,0,0,0.174985215067863,0.460084050893784,0.00408097542822361,0.352945685386658,0,0.0042370967566967,0.00337124057114124,0
113710,10,5,0.0147008690983057,0.000245266826823354,0,0.1817317456007,0.726575255393982,0.0203213430941105,0.0492691062390804,0.00371212582103908,0.00279338750988245,0.000650900416076183,0
113653,8,14,0,0,0,0.737678110599518,0.249495878815651,0.00210738577879965,0,0,0,0.0107186371460557,0
114370,10,18,0.0107265068218112,0.0507571361958981,0,0.157700344920158,0.70483934879303,0.00533171836286783,0.045941848307848,0,0.0237820949405432,0.000920962716918439,0
114132,10,1,6.42846134724095e-05,0,0,0.0712291225790977,0.916428923606873,0,0,0.000115748967800755,0.00797058548778296,0.00419135671108961,0
114096,10,18,0,0,0,0.00558071210980415,0.813050329685211,0,0.133628994226456,0.0314743705093861,0.0120769795030355,0.00418867357075214,0
114015,10,18,0,0,0,0.0814684554934502,0.581208527088165,0.0021887228358537,0.331094175577164,0,0.0038998406380415,0.000140302741783671,0
114077,15,18,0,0,0,0.0867702886462212,0.113543346524239,0.00524787325412035,0.774341464042664,0,0.019464947283268,0.000632096780464053,0
113964,10,16,0,0,0,0.151436075568199,0.479199379682541,0.00340926181524992,0.352800130844116,8.79719882505015e-05,0.0125376842916012,0.000529445067513734,0
113693,8,1,0.000100140416179784,0,0,0.471058875322342,0.391236126422882,0.00489551294595003,0.128842353820801,0,0.00306584499776363,0.000801123329438269,0
114156,15,5,0,7.78053145040758e-05,0,0.0644592419266701,0.208736836910248,0.000112385452666786,0.681529104709625,0.000605152454227209,0.039571076631546,0.00490836892277002,0
113831,8,18,0.0390205942094326,0.00649527087807655,0,0.692699134349823,0.20809406042099,0.0154757900163531,0.0321292616426945,0,0.00598469935357571,0.000101205259852577,0
114300,10,14,0,0.000420476717408746,0,0.0248121060431004,0.725667119026184,0.000140158896101639,0.234739422798157,0.000233598169870675,0.0124220158904791,0.00156510772649199,0
113864,8,6,0.0265720337629318,0.00111551489681005,0.000415075308410451,0.610457241535187,0.261304527521133,0.0195011831820011,0.0741876065731049,0,0.00524051580578089,0.00120631256140769,0
114089,8,6,0.0141674662008882,0,6.20759019511752e-05,0.330137640237808,0.309362590312958,0.0038611211348325,0.328683227300644,0.00305934878997505,0.0103199891746044,0.000346544169588014,0
114250,10,1,7.49585669836961e-05,0.0220128335058689,0.00294076325371861,0.228778213262558,0.57365620136261,0.000199889516807161,0.159417420625687,0.000349806650774553,0.0110957864671946,0.00147418514825404,0
114023,15,16,0,0,0,0.159623175859451,0.363766431808472,0.00594030227512121,0.457451015710831,7.79908441472799e-05,0.0125041715800762,0.000636925222352147,0
114064,10,18,0,0,0,0.104141928255558,0.83723908662796,0.00195596227422357,0.0523758791387081,0,0.00397834135219455,0.000308836140902713,0
114259,10,14,0,0.0590346865355968,0.00260112155228853,0.164488077163696,0.457275986671448,5.32763115188573e-05,0.289334505796432,9.01736711966805e-05,0.0271221473813057,0,0
113854,10,18,0,0,0,0.0631825625896454,0.891215324401855,0.00475773634389043,0.0298220328986645,0,0.00947118829935789,0.00155124650336802,0
113791,10,1,0.000141775381052867,0,0,0.248854160308838,0.737981855869293,0.00701859127730131,0.0030989998485893,0,0.00290461862459779,0,0
114221,10,5,0,0.000126507540699095,0,0.00410245917737484,0.980470776557922,0.00112049537710845,0,0.00110242294613272,0.00552303204312921,0.0075543075799942,0
113860,10,18,0,0,0,0.0645722895860672,0.855810880661011,0.0138279516249895,0.0634363368153572,0,0,0.00235259882174432,0
114080,10,1,0.000735137262381613,0,0,0.249511271715164,0.48025506734848,0.00137598800938576,0.242564454674721,0.00934058614075184,0.0150473229587078,0.00117021845653653,0
114328,15,16,0,0,0,0.0035317987203598,0.301151186227798,0.00115623488090932,0.652904987335205,0.000106333754956722,0.0306579153984785,0.0104915974661708,0
113614,10,6,0.0249856803566217,0.00335368420928717,0.000223102208110504,0.24087281525135,0.486089557409286,0.0442563891410828,0.194292485713959,0,0.00592624163255095,0,0
113694,8,18,0.240436121821404,0.0119399838149548,0.000353511044522747,0.403137624263763,0.274894863367081,0.0581029616296291,0.00206524855457246,0,0.00895807519555092,0.000111635061330162,0
114119,10,18,0.013300440274179,0.0131577746942639,0.00274213217198849,0.42663699388504,0.439388275146484,0.0152978580445051,0.0835797116160393,0,0.00548242917284369,0.000414417096180841,0
114173,10,6,0.191963419318199,0.0734437331557274,0.000404736056225374,0.141533493995667,0.561782479286194,0.000828745251055807,0.00863551814109087,0,0.0206176806241274,0.00079019891563803,0
114055,10,14,0,0,0,0.00581278372555971,0.978012442588806,0.000998216448351741,0.0046724621206522,0.00549257872626185,0.00213582743890584,0.00287568964995444,0
114052,15,18,0,0,0,0.1706672757864,0.367877393960953,0.00963069126009941,0.449118494987488,0,0,0.00270614447072148,0
114056,15,17,0,0,0,0.0334190838038921,0.211534604430199,0.0074811284430325,0.745572865009308,0,0.00199232739396393,0,0
114031,8,18,0.0509973503649235,0,0.000251051620580256,0.476255565881729,0.128212928771973,0.00461934972554445,0.320351392030716,0.00178218784276396,0.0173158757388592,0.000214227999094874,0
114081,10,14,0.00210208678618073,0,0,0.245780199766159,0.585576593875885,9.11725874175318e-05,0.143729507923126,0.0085217272862792,0.0139991519972682,0.000199537957087159,0
114289,15,5,0,3.73712537111714e-05,0,0.000769687176216394,0.0176066718995571,0.000716833805199713,0.912784337997437,0.000822167610749602,0.0426962077617645,0.0245667304843664,0
114349,10,16,0,0,0,0.0105332126840949,0.610372841358185,0,0,0.00162888155318797,0,0.377465039491653,0
114183,10,18,0,0,0,0.0223850719630718,0.965285956859589,0,0,0,0,0.012328976765275,0
113900,10,18,0,0,0,0.385656177997589,0.612913906574249,0.00116571225225925,0,0,0,0.000264183734543622,0
113673,1,6,0.616258978843689,0.0289162509143353,0.00115028629079461,0.337492704391479,0.0093603078275919,0.00682146474719048,0,0,0,0,0
114359,10,16,0,0,0,0.0214297939091921,0.974481165409088,0,0,0.00110178824979812,0,0.00298726628534496,0
114063,10,17,0.0018043986056,0,0,0.372075289487839,0.606285691261292,0.00210983771830797,0.0157650411128998,0,0.000255611492320895,0.00170409970451146,0
114176,1,14,0.387802273035049,0.0561171136796474,0.00212291721254587,0.156157359480858,0.357601672410965,0.000273907149676234,0.011469654738903,0,0.0214330963790417,0.00702198315411806,0
114044,10,1,0.00131937849801034,0.007716606836766,0.00391815416514874,0.241307005286217,0.722110748291016,0.0157403573393822,0.00463781505823135,0,0.00324993836693466,0,0
114151,10,5,0,0.000324747583363205,0,0.006381347309798,0.961944282054901,0.00733642233535647,0.00470883958041668,0.0127717638388276,0.00653262343257666,0,0
114035,10,18,0,0,0,0.218157947063446,0.466663092374802,0.000645929481834173,0.300503492355347,0,0.0136503707617521,0.000379243429051712,0
114030,1,5,0.555925190448761,0.025912256911397,0.127371251583099,0.170695051550865,0,0,0,0.120096273720264,0,0,0
113635,15,18,0,0,0,0.0104402601718903,0.0992900133132935,0.00657994719222188,0.862414062023163,0,0.0209636855870485,0.00031206026324071,0
114069,15,16,0,0,0,0.0126344403252006,0.18505622446537,0.0233318265527487,0.758552849292755,0.000588857103139162,0.0148501861840487,0.00498565705493093,0
114088,10,1,0.000134717673063278,0,0,0.0402827747166157,0.732723534107208,0.0710719972848892,0.0987961143255234,0.0394376292824745,0.009406428784132,0.0081467991694808,0
114213,10,16,0,0,0,0.0704835876822472,0.568255007266998,0.014153053984046,0.32377427816391,0.000217209148104303,0.0120891900733113,0.0110276527702808,0
114230,15,16,0,0,0,0.0241568628698587,0.122614502906799,0.00687151681631804,0.791946113109589,0.000558592495508492,0.0241352207958698,0.0297171957790852,0
114240,10,5,0,1.15304728751653e-05,1.38365676320973e-05,0.0325770191848278,0.802614748477936,0.00284802680835128,0.136240378022194,0.00681577948853374,0.0098110968247056,0.00906756427139044,0
114258,15,5,0,0.000410841661505401,0,0.00340811838395894,0.221301406621933,0.000588250579312444,0.709927558898926,0.00104577874299139,0.0247457008808851,0.0385724306106567,0
114294,15,16,0,0.00174090603832155,0,0.00302412477321923,0.0428664647042751,0.00162487081252038,0.858951926231384,0.000306636851746589,0.0339209251105785,0.0575641021132469,0
114299,15,16,0.000173937936779112,0.000276719452813268,0,0.0145977512001991,0.417910099029541,0.00131821865215898,0.509302735328674,0.000142312856041826,0.0207474790513515,0.0355307497084141,0
114309,15,5,0,5.12937258463353e-05,0,0.00117514270823449,0.0406824611127377,0.000608097179792821,0.87485545873642,0.000558012281544507,0.0463088154792786,0.0357607118785381,0
114313,10,1,4.69407495984342e-06,2.91032647510292e-05,0,0.00548079703003168,0.512231767177582,0.00142149266321212,0.438252002000809,0.000285087357042357,0.0203709751367569,0.0219241455197334,0
114322,10,1,5.00624410051387e-05,6.88358559273183e-05,0,0.00172969163395464,0.780352175235748,0.000434160785516724,0.186281204223633,0,0.0151139991357923,0.0159699190407991,0
114388,15,16,0,0,0,0.00205544382333755,0.0738124400377274,0.00408119428902864,0.888559103012085,0.00053448136895895,0.028060520067811,0.00289675709791481,0
114417,10,1,6.26254113740288e-05,0,0,0.165963515639305,0.566744744777679,0.0210131797939539,0.236707985401154,0.000260389875620604,0.0047187595628202,0.00452880607917905,0
